309167856858308608	$13 for an iPhone 4/5 iPega Waterproof Case (Five Color Options) http://t.co/m7a5LHNw1J #DealYou #deal
309167544130998272	#SAVE 18% Gored Crinkle #Skirt buy now from $44.95 #deal http://t.co/KKGfWVw5h3
309167277155168257	Easy web hosting. $4.95 -  http://t.co/0oUGS6Oj0e  - Review/Coupon- http://t.co/zdgH4kv5sv  #wordpress #deal #bluehost #blue host
309167229054885888	Famous Footwear - 15% Off Sitewide http://t.co/vgmQxfJV4W #Deal - http://t.co/QImHB6xJ5b
309167212181221377	Team 32GB Class 10 SDHC Card for $17 + free shipping http://t.co/uD4yJgjRiK &lt;- link #deal
309166996174565376	ATTN #SINGERS: PLAY THIS CRAZY#SMASH. TAKEN:  http://t.co/tNN88rMXHY. 4 FOR $15 #DEAL http://t.co/Yd7PdG6HzR
309166960803971072	Save 10% on PG Tips Tea http://t.co/eB2HkiK9CE #deal #cybermonday
309166960451678208	Dian Griesel, Tom Griesel #weight #deal http://t.co/EK6Mf6fnCz
309166804549369856	#Deal &amp; #Schn√§ppchen Update: 81137 Silverlit Feuerwehrstation incl. Feuerwehrfahrzeug f√ºr nur 21,78 ‚Ç¨ - http://t.co/2D6mTsZBYU
309166489221599232	IQ Mission Epilogue is a challenging puzzler that will tickle your brain, #FREE today as 3MS Premium #deal.http://t.co/GUfMujuhHj
309165988241342464	#STEVEMADDEN WOMEN S379 TS #SUNGLASSES  http://t.co/XLkR8FERxc Sale! #fashion #accessories #deal
309165982675513344	RT @SLRCameraTree: Canon EOS Digital Rebel T2i 18MP w/ Full HD 1080p Video, 3.7... http://t.co/a5qFtfvdkB &lt;&lt;== #Deal #SLR #Cameras #Nikon #Canon #Sony #DSLR
309165980318302208	RT @SLRCameraTree: Canon EOS Rebel T3 Digital SLR Camera Review http://t.co/DAjIxmgMFT &lt;&lt;== #Deal #SLR #Cameras #Nikon #Canon #Sony #DSLR
309165977986297856	RT @SLRCameraTree: Canon EOS 5D Mark II Full Frame CMOS Digital SLR Camera with... http://t.co/fD5OhSbeWK &lt;&lt;== #Deal #SLR #Cameras #Nikon #Canon #Sony #DSLR
309165975641681920	RT @SLRCameraTree: Canon EOS 60D 18 MP CMOS Digital SLR Camera w/ EF-S 18-55mm... http://t.co/cfvumgTsWg &lt;&lt;== #Deal #SLR #Cameras #Nikon #Canon #Sony #DSLR
309165798893694976	Jolly Phonics Letter Sound Strips(Jolly Phonics) By (author) Sue Lloyd - Jolly Phonics Letter Sound... http://t.co/K6Ii9GYE8u  #Books #Deal
309165793533362177	Physical Management for Neurological Conditions(Physiotherapy Essentials) - Physical Management for... http://t.co/jJWqobikbx  #Books #Deal
309165788567322626	Feeling Good: The New Mood Therapy - Feeling Good: The New Mood Therapy By (author) David D. Burns... http://t.co/na4HuNMj8a  #Books #Deal
309165782632374272	Passing Your ITIL Foundation Exam: Study Aid from the Official Publisher of ITIL By (author) Office... http://t.co/3OOXh4MIPZ  #Books #Deal
309165153407082497	RT @SLRCameraTree: Canon EOS Digital Rebel T2i 18MP w/ Full HD 1080p Video, 3.7... http://t.co/a5qFtfvdkB &lt;&lt;== #Deal #SLR #Cameras #Nikon #Canon #Sony #DSLR
309165150982766592	RT @SLRCameraTree: Canon EOS Rebel T3 Digital SLR Camera Review http://t.co/DAjIxmgMFT &lt;&lt;== #Deal #SLR #Cameras #Nikon #Canon #Sony #DSLR
309165148793348096	RT @SLRCameraTree: Canon EOS 5D Mark II Full Frame CMOS Digital SLR Camera with... http://t.co/fD5OhSbeWK &lt;&lt;== #Deal #SLR #Cameras #Nikon #Canon #Sony #DSLR
309165144506773505	RT @SLRCameraTree: Canon EOS 60D 18 MP CMOS Digital SLR Camera w/ EF-S 18-55mm... http://t.co/cfvumgTsWg &lt;&lt;== #Deal #SLR #Cameras #Nikon #Canon #Sony #DSLR
309164998880526336	Canon EOS 60D 18 MP CMOS Digital SLR Camera w/ EF-S 18-55mm... http://t.co/cfvumgTsWg &lt;&lt;== #Deal #SLR #Cameras #Nikon #Canon #Sony #DSLR
309164996200394752	Canon EOS 5D Mark II Full Frame CMOS Digital SLR Camera with... http://t.co/fD5OhSbeWK &lt;&lt;== #Deal #SLR #Cameras #Nikon #Canon #Sony #DSLR
309164993759309824	Canon EOS Rebel T3 Digital SLR Camera Review http://t.co/DAjIxmgMFT &lt;&lt;== #Deal #SLR #Cameras #Nikon #Canon #Sony #DSLR
309164991213350914	Canon EOS Digital Rebel T2i 18MP w/ Full HD 1080p Video, 3.7... http://t.co/a5qFtfvdkB &lt;&lt;== #Deal #SLR #Cameras #Nikon #Canon #Sony #DSLR
309164446792699905	Mineral Line - Dead Sea, Body LotionBuy Now -&gt;http://t.co/nBhaZlRgQo #save #deal
309164427977056256	ATTN #SINGERS: PLAY THIS CRAZY#TRACK. TAKEN:  http://t.co/tNN88rMXHY. 4 FOR $15 #DEAL http://t.co/Yd7PdG6HzR
309163742132834304	#China #Book #Deal A Thousand Splendid Suns By (author) Khaled Hosseini: A Thousand Splendid Suns By (author) ... http://t.co/z662w8Tv8S
309163731240243200	#Gadget #Deal A Thousand Splendid Suns By (author) Khaled Hosseini: A Thousand Splendid Suns By (author) Khale... http://t.co/z662w8Tv8S
309163592463302656	ATTN #RAPPERS: PLAY THIS HOT#HIT. TAKEN:  http://t.co/tNN88rMXHY. 4 FOR $15 #DEAL http://t.co/Yd7PdG6HzR
309162938663567360	Want a #deal? How about #FREE stuff? Check out companies who allow me to offer my followers special #discounts! http://t.co/xXjw5Xq3yh
309162739325104128	Trendi365-Paisley Lace Blouse! $34.99 http://t.co/8qF8QIYOep #fashion #sale #deal #style #clothes http://t.co/B3AK4tFYyS
309162019251171328	SAVE $50.00 - Discovery Kids Digital Camcorder Blue $29.99 http://t.co/68ceO0x2VV #deal #camcorder
309161379041013760	Battpit‚Ñ¢ Laptop / Notebook Battery Replacement for Sony VAIO VGN-AR18CP (6600 mAh) with FREE 8... http://t.co/RmGg39GjEH #discount #deal
309161377996623874	George Harper H&amp;B Lville Slugger Game Used Bat 1916-29 - Game Used MLB Bats: George Harper H&amp;B... http://t.co/gowac0VzN2 #discount #deal
309161376826392576	Waterhog Grand Premier Floor Mat - One End: Cleated Back - 6' x 19.3' - Regal Red: This bar fl... http://t.co/omf8G9Y7dG #discount #deal
309161374741843968	8000K BLUE HID HEADLIGHT KIT H4 Suzuki GSX-R750 96-06: Xenon HID conversion kit offering True ... http://t.co/sm7zZD7o70 #discount #deal
309161373546475521	Home Decor King Size Bedspread with Elephant Patch &amp; Thread Work Cotton Bed Sheet Bedspread Ta... http://t.co/2UIOqmwNOQ #discount #deal
309160923162112001	#books #1: The Blood Sugar Solution Cookbook: More than 175 Ultra-Tasty Recipes for Total Health and Wei... http://t.co/6UuK5jIcTl #deal
309160778165010432	ATTN #SINGERS: PLAY THIS HOT#BANGER. TAKEN:  http://t.co/tNN88rMXHY. 4 FOR $15 #DEAL http://t.co/Yd7PdG6HzR
309160210277232640	#discount #deal Hot Deals 4: Levi's 512 Misses Perfectly Slimming Boot Cut Jean with Tummy Slim... http://t.co/LySoseRF9Z Best Buy Price
309160208561758208	#discount #deal Hot Deals 8: Gloria Vanderbilt Women's Amanda Denim in Silverpond New Women Jea... http://t.co/7dKF3beuzK Best Buy Price
309159820320194560	#Deal &amp; #Schn√§ppchen Update: [Blu-ray] Pastewka ‚Äì 6. Staffel f√ºr 15.99 Euro versandkostenfrei - http://t.co/nPJuloKzGW
309159725772193792	#Deal &amp; #Schn√§ppchen Update: [Blu-ray] Die Armee der Finsternis [Director's Cut] f√ºr 10.99 Euro versandkostenfrei - http://t.co/yjpWMGUyDe
309159433542447105	http://t.co/iFVfkPUZ6Y found article on  http://t.co/EdUeuIq4Ul  Government targets SMEs in √Ç¬£2bn consultancy #deal
309158929898807296	ATTN #ARTISTS: PLAY THIS CRAZY#TRACK. TAKEN:  http://t.co/tNN88rMXHY. 4 FOR $15 #DEAL http://t.co/Yd7PdG6HzR
309158718526861313	[Deal] Win 1 of 6, Tomb Raider for Ps3 or Xbox 360 @ Asda http://t.co/4XlbgvUtUw #deal
309158224811151360	#amazon Bestseller: #1: The Blood Sugar Solution Cookbook: More than 175 Ultra-Tasty Recipes for ... http://t.co/yMw84jXcZm #books #deal
309158180632530944	ATTN #SINGERS: PLAY THIS HOT#BEAT. TAKEN:  http://t.co/tNN88rMXHY. 4 FOR $15 #DEAL http://t.co/Yd7PdG6HzR
309158049468256256	#Birmingham #Deal ¬£17 instead of ¬£102.50 for a half-body massage, ‚ÄòRevive‚Äô facial, manicure &amp; pedicure at Saba's... http://t.co/1P4zbwGKQY
309158048428068864	#Birmingham #Deal ¬£17 instead of ¬£102.50 for a half-body massage, ‚ÄòRevive‚Äô facial, manicure &amp; pedicure at Saba's... http://t.co/LGehfrRaFA
309158048209965057	#Birmingham #Deal All-You-Can-Eat Brazilian Grill With Salad Buffet and Cocktail for ¬£18 at Rodizio Rico, Birmingham http://t.co/hddzT2oulP
309158039594864640	#Birmingham #Deal All-You-Can-Eat Brazilian Grill With Salad Buffet and Cocktail for ¬£18 at Rodizio Rico, Birmingham http://t.co/LEJKAHGrOS
309158038030413824	#Birmingham #Deal Manicure or Pedicure from ¬£12; With Shellac from ¬£16 at The Retreat (Up to 77% Off) http://t.co/qgNHhSRjfn
309158036759511042	#Birmingham #Deal Manicure or Pedicure from ¬£12; With Shellac from ¬£16 at The Retreat (Up to 77% Off) http://t.co/ZMq0a4GIsa
309157940554768384	Bunches: HOT #deal! 10% #voucher code - 10% off all purchases at Bunches using EXCLUSIVE voucher code. Ends: 12/31/13 http://t.co/DIp9DjzVmL
309157939053203456	#London #UK #Deal ¬£79 instead of ¬£425 for a medical MOT inc. blood profile, diabetes &amp; thyroid check + more at... http://t.co/eHjoBd0dDz
309157935727128576	Safety 1st Heavenly Dreams White Crib Mattress #deal was $54.99 now  $47.69 http://t.co/0ZxKpn6Qyd
309157934338809858	#London #UK #Deal ¬£69 instead of ¬£375 for 3 sessions of LumiSlim Laser Lipolysis, or ¬£119 for 6 sessions at The... http://t.co/2Ei3ap1fHg
309157931633491968	#London #UK #Deal ¬£29 for a ¬£60 voucher to spend on Indian food for 2 + a glass of wine each at Shezan in... http://t.co/hkNr9vR9CR
309157928940752899	#London #UK #Deal ¬£5 instead of ¬£16 for 2 tickets to The National Asian Wedding Show on Sunday 24th March 2013 at... http://t.co/CewcaZw867
309157926243807233	#London #UK #Deal 60-Minute Aromatherapy Massage for ¬£24 at Elegant Hair and Beauty Studio (63% Off) http://t.co/BQPaQicGdJ
309157914122264576	#London #UK #Deal ¬£79 instead of ¬£425 for a medical MOT inc. blood profile, diabetes &amp; thyroid check + more at... http://t.co/AJFWnWBJnk
309157911739891714	#London #UK #Deal ¬£69 instead of ¬£375 for 3 sessions of LumiSlim Laser Lipolysis, or ¬£119 for 6 sessions at The... http://t.co/LXVM3OVt55
309157908904570880	#London #UK #Deal ¬£29 for a ¬£60 voucher to spend on Indian food for 2 + a glass of wine each at Shezan in... http://t.co/I0F7gyUOZc
309167821840068609	RT @myossm: #Shopping #Bargain #Deals Savings in Home &amp; Kitchen @ http://t.co/USxcx1fbzE
309167642126729216	$20 Toward Joe‚Äôs Jerky and Nonnie‚Äôs Country Store &amp; Cafe http://t.co/i1ls20zx57 #deals #uticadailydeals
309167640952311808	Spring Clean-Up Services From Legacy Landscaping http://t.co/hIm6lFgcf1 #deals #albanydailydeals
309167270989541376	Beautiful Jan Royce Conant Drawing of Jamaica - 1982 - Rare CT Artist - Animals #CPTV #EBAY #FineArt #Deals http://t.co/MUZf5aixMz
309167234327138305	Famous Footwear - 15% Off Sitewide: Famous Footwear Coupons http://t.co/01BwdNamTG #Offer360 #Deals
309167224525045760	Famous Footwear - 15% Off Sitewide: Famous Footwear Coupons http://t.co/sT1HztCfWN #goth #deals
309167222947979265	#deals Famous Footwear - 15% Off Sitewide: Famous Footwear Coupons http://t.co/iavIKwi7Uh #Punk #Deals
309167220754354178	Team 32GB Class 10 SDHC Card for $17 + free shipping: newegg offers the Team 32GB SDHC Class ... http://t.co/TGhgVAtLkQ #Offer360 #Deals
309167219131162624	Lenovo Ivy Bridge Core i5 Dual 2.5GHz 16" Laptop for $529 + free shipping: Lenovo offers its ... http://t.co/MpnWyo9sE4 #Offer360 #Deals
309167217776418816	Columbia River Guppie 9-in-1 Multi-Tool for $19 + free shipping: AltaTac via eBay offers the ... http://t.co/5Gyc74mRmM #Offer360 #Deals
309166984954789888	#MLB #Jeter Derek Jeter could make spring debut for Yankees this weekend http://t.co/ET2wRNEyog #Deals
309166801051348992	Minix NEO-X5 Android TV Media Player $86 at Newegg: Newegg has the Minix NEO-X5-116A Android TV M... http://t.co/ibda4hP49L #goth #deals
309166800011157504	Samsung 11.6" Exynos Dual-Core SSD Chromebook $224 at Newegg: Newegg has the Samsung XE303C12-A01... http://t.co/wCDsodcbCA #goth #deals
309166798996123650	Dell S2740L 27" 1920x1080 LED LCD Monitor $261 at Newegg: Newegg has the new Dell S2740L 27" 1920... http://t.co/ALQ0M2Tery #goth #deals
309166797872041984	2 x 3ft Lightning to USB Cables + Car Charger $10 at Amazon: Amazon with ButterflyPhoto has two 3... http://t.co/sAy3Fv8ipD #goth #deals
309166708948619264	Take 40% off sitewide at Justice for girls online. Get #coupon code http://t.co/9pv0F2S3xa #deals
309166594578329602	"One stop source for #Agile, I recommend it to fellow Agile practitioners" #project management UK #Kindle #deals ¬£2 http://t.co/Ycij5ExzpU
309166570280730624	#deals #coupons Motorola S305 Bluetooth Stereo Headset http://t.co/QcQLdztZks
309166567856406529	#deals #coupons Motorola S305 Bluetooth Stereo Headset http://t.co/BBysdtmvHc
309166464944984064	Today's #bargain? Check Call of Duty: Modern Warfare 3: #Xbox 360 http://t.co/1Drs5rpElo  #gaming #deals
309166463292420096	Muri√≥ Hugo Ch√°vez #deals Up to 50% Off SanDisk Memory Card http://t.co/u4Hz2ETckv
309166455528751104	Monsters Inc http://t.co/gpwYfh4juM #deals
309166206936563718	Delight Induction Cookware Set of 9 Pcs Rs. 719 ‚Äì IndiaTimes Shopping: ‚Ä¢ handi 1 ltrs ‚Ä¢ handi lid... http://t.co/bv4aG2RYMu #DEALS #OFFERS
309165975880744960	#Shopping #Bargain #Deals Savings in Home &amp; Kitchen @ http://t.co/USxcx1fbzE
309165922407575552	Video Game Deals! The History of Sonic the Hedgehog (Hardcover) recently tagged "video games" http://t.co/Grmnequ7OY #deals #360 #ps3
309165920935366657	Video Game Deals! Mega Man Battle Network: Official Complete Works (Paperback) recently tagge... http://t.co/0WWq41kplL #deals #360 #ps3
309165720309207040	Amazon DEALS - $2 Bounce Fresh Linen Sheets, 40-Count (Pack of 3) HOT #Amazon #deals #coupons At http://t.co/qS1dlp2dCD
309165716106539009	Sears DEALS - $37 Klipsch Reference S4 Premium In-Ear Headphones HOT #Sears #deals #coupons At http://t.co/qNiH2YgreY
309165712881111040	Fossil DEALS - $0 Up to 55% off in Sale HOT #Fossil #deals #coupons At http://t.co/9xdOpieCub
309165707055230976	Kmart DEALS - $10 Kyocera S2100 Prepaid Virgin Mobile PayLo Phone HOT #Kmart #deals #coupons At http://t.co/29DncIHXjO
309165703079030784	BestBuy DEALS - $89 WD My Passport 1.5TB External Portable Hard Drive HOT #BestBuy #deals #coupons At http://t.co/ssc66DPFMg
309165204422418433	Check this out! GoPro CHDMH002 HD Motorsports Hero2 #Camera Bundle http://t.co/qQAckHWgVp  #photography #deals
309164390521917440	RT @lussobaby is having a floor model sale! Get great items at great prices! http://t.co/imQgXCgJKU #Vancouver #deals
309163945485291520	Check this out! ##Windows8: Out of the Box: Mike Halsey http://t.co/cZwlLEbqvF  #book #deals
309163695840305152	#YouTube #Fatloss #Tips DIY Anti-Cellulite Treatment - How to get rid of Cellulite! http://t.co/GW638HadGL #Deals Koomg
309163565368102914	#deals Hadley-Roma Men‚Äôs MB3808RASE 20 20-mm Black Fine Mesh Stainless Steel Watch Strap Best Reviews http://t.co/o4tq1GbH2a #discounts
309163563593908224	#deals best Ladies Fashion Weave Wrap Around Leather Retro Bracelet Woman Watch Hand-knit/brown reviews http://t.co/Hfdcmz58tb #discounts
309163318248103936	#discounts Workout 8: Concept2 Model E Indoor Rowing Machine Best Cardio Training 2012 http...: Workout... http://t.co/0K3Rafwihe #deals
309163316964638720	#discounts Workout 3: Body Rider Fan Bike Best Cardio Training 2012 http://t.co/EWmrimHLhk A...: Workout... http://t.co/60yAjvaFPb #deals
309163310694150144	#deals Workout 8: Concept2 Model E Indoor Rowing Machine Best Cardio Training 2012 http... http://t.co/oCEhzkFfXG #offer
309163309607821314	#deals Workout 3: Body Rider Fan Bike Best Cardio Training 2012 http://t.co/DhA3fIIMWy A... http://t.co/ly5XXOmCJ3 #offer
309162807935524864	#OnlineDeals Deal Mini Biosph√§ren Aquarium http://t.co/Lit1wmLw8O #Deals bei The-Pr.de
309162689110892544	Check this #bargain! Arduino MEGA 2560 Board http://t.co/Fe7NelAR3j  #electronics #deals
309162676087562240	Toronto Raptors Tickets only $19 and pick from 2 Games &amp; 2 Seating Options #Deals #Toronto #rtz - http://t.co/MgmiH3d1MF
309162653207625730	Turcom 102 Google Android 40 Tablet Pc 1 Gb Ddr Ram 4gb Hdd Wifi Camera Hdmi Support External 3... http://t.co/OpxIAGCCw6 #tablet #deals
309162057008300033	[Airtel Money] HomeShop18 Rs. 150 off on Rs. 500, Rs. 350 off on Rs. 1500: Airtel money lets you... http://t.co/y5OLPUgyXK #DEALS #OFFERS
309162055800324096	Johnson &amp; Johnson Band-Aid WashProof Antiseptic 10 Strips Rs. 15 ‚Äì Tradus: Hot deal sticky. Scroll... http://t.co/BdrQihlkQK #DEALS #OFFERS
309162007582625792	20% Off at Tea Collection http://t.co/sZlxXocxtY #baby #deals #fashion #kids #savings
309161942092763136	Vaca Rental Deal - $179 / 2br - $20.00 discount per night (Rio Grande, Puerto Rico): $20.00 dis... http://t.co/FQerRAureJ #travel #deals
309161784969936896	#deals The Proving Ground G. Bruce Knecht (Author)  20 days in the top 100 (75)Buy new: $14.95  $8... http://t.co/SZnU2kht2o #hot #books
309161706112815105	RT @BargainNext: #coupon - LE6OFF - Electronics Coupon: $6 off $80 with code: LE6OFF - http://t.co/Ji3yh1KqGF - #bargain #deals
309161699456471040	RT @Spradley_Barr: #collisioncenter #marchmadness #savings #deals @Spradley_Barr @Krazy_Bitch23 @Ford @FordMustang @FordTrucks http://t.co/1tsPSFiWWO
309161677406994432	RT @Spradley_Barr: #parts #marchmadness #deals #savings #ford @Spradley_Barr @Krazy_Bitch23 @Ford @FordMustang @FordTrucks http://t.co/fSoI9ZF19S
309161654803918849	RT @Spradley_Barr: #service #marchmadness #deals #savings @Spradley_Barr @Krazy_Bitch23 @lincolnnewyork @for http://t.co/2uNxQ5zOA8
309161550663528450	GERMAN - HEBERW - ENGLISH NON-TRANSPARENT KEYBOARD STICKERS ON BLACK BACKGROUND: High-quality stickers ... http://t.co/Mt0o2msqI9 #deals
309161548931276800	TREND MICR SERVERPROTECT 1.X ANNUAL MAINT ( SPZZLLE1XSBUPRNF ):  http://t.co/EKmo6RwQdZ #deals
309161546913820672	Peterson Gas Logs 30 Inch Burnt Heritage Oak Vented Natural Gas Log Set With G4 Burner And Basic On/Off... http://t.co/JsrKtAGmxW #deals
309161544753762304	Nook XEP-16-OPN Single Open Inch Excel Pillow Block, 1" Shaft Diameter:  http://t.co/Ws9ePfY5oZ #deals
309161543604514817	Israel (Modern World Nations):  http://t.co/iqkFn8gkmK #deals
309161432715501568	#Canon EOS Rebel T3i 18 MP CMOS #Digital SLR #Camera+18-55mm Lens+#Canon 55-250mm Zoom http://t.co/tzIM9fayjJ  #photo #deals
309161348779085824	#Deals : The Twilight Saga: Breaking Dawn - Part Two (Blu-ray + Digital Copy + UltraViolet) (Widescreen) http://t.co/yajRJdDY9e
309161334908526593	Deal of the Hour $17.50 -- Broadway's 'West Side Story' in Boise, Reg. $35: The classic musical is "a s... http://t.co/2ZgoQ46FZt #deals
309161189039013890	#collisioncenter #marchmadness #savings #deals @Spradley_Barr @Krazy_Bitch23 @Ford @FordMustang @FordTrucks http://t.co/1tsPSFiWWO
309160873459593217	#parts #marchmadness #deals #savings #ford @Spradley_Barr @Krazy_Bitch23 @Ford @FordMustang @FordTrucks http://t.co/fSoI9ZF19S
309160480411365376	#service #marchmadness #deals #savings @Spradley_Barr @Krazy_Bitch23 @lincolnnewyork @for http://t.co/2uNxQ5zOA8
309160449549672448	16x36 Custom Picture Frame / Poster Frame 2.375" Wide Complete Light Distressed Brown Frame (50032) http://t.co/9fl2sF5E1s #amazon #deals
309160448589185025	SterlingTek's POWWER Sony Cyber-shot DSC-T700/H Power Adapter http://t.co/HNf8yRmS3U #amazon #deals
309160447519629312	Hitachi DZ-BX37E Camcorder Battery Charger - TechFuel¬Æ AC &amp; DC Compatible Travel Battery Charger http://t.co/vYoTn4yk1b #amazon #deals
309160419468144640	Johnson &amp; Johnson Band-Aid WashProof Antiseptic ‚Äì 10 Strips @ Rs.15: Buy Johnson &amp; Johnson... http://t.co/Z2Iet8qUmZ #DEALS #OFFERS
309160373389496320	#coupon - FFCANVAS - Take 15% Off Sitewide with code FFCANVAS at FamousFootwear- Vali... - http://t.co/eOkBCqNkJN - #bargain #deals
309160321262694400	SKECHERS SPORT Logo - Blue - http://t.co/BO2LpE31eM - #bargain #deals
309160263091884032	Save Up To $400 on Electric Fireplace Entertainment Centers Plus FREE Shipping! - http://t.co/I79jcKLDK4 - #bargain #deals
309160224848232449	#discounts Hot Deals 4: Levi's 512 Misses Perfectly Slimming Boot Cut Jean with Tummy Slimm... http://t.co/wx5EEwUWTu #deals
309160223753527297	#discounts Hot Deals 8: Gloria Vanderbilt Women's Amanda Denim in Silverpond New Women Jean... http://t.co/ShAfNIdWjo #deals
309160217155866624	#discounts #deals Hot Deals 4: Levi's 512 Misses Perfectly Slimming Boot Cut Jean with Tummy ... http://t.co/1JPpGme8no best deal offers
309160216119877632	#discounts #deals Hot Deals 8: Gloria Vanderbilt Women's Amanda Denim in Silverpond New Women... http://t.co/0a1ai5AwIz best deal offers
309160210130432000	Blue Nile Sweepstakes - 728x90 - http://t.co/xebHJqFMk1 - #bargain #deals
309160174088769537	#amazon #deals Cool 9: Google Nexus 7 Tablet (16 GB) cool tablets http://t.co/EXvwyFGLwL Affi... http://t.co/ktK0HBj9EJ best deal offers
309160173035986944	#amazon #deals Cool 10: Toshiba Satellite C855-S5343 PSCBLU-025003 15.6-Inch Laptop (Satin Bl... http://t.co/qfvTh4cnwP best deal offers
309160171245015042	20% Off Kids Denim_20130223_8558_text - http://t.co/SlaxSNfAZl - #bargain #deals
309160131604672512	#coupon - JEWELS10 - $10 off Order Promo - Feb 2013 - http://t.co/2sqM1B3mC8 - #bargain #deals
309160091842650112	#coupon - DL15 - 15% Off Coupon for Oopsy daisy Kids Room Decor - http://t.co/nnrSQglwZJ - #bargain #deals
309160048532271104	4WD - Free Winch Cover - Smittybilt - http://t.co/PxdiXpyKD4 - #bargain #deals
309160009768513536	Seuss On the Loose- 300 x 250 - http://t.co/UMuEJu9pOM - #bargain #deals
309159971625521152	Get More Bang for Your Buck with SKECHERS Elite Rewards Points! - http://t.co/v0keo8Tk0O - #bargain #deals
309159933012754433	Blink Sneaker Wedges 120x400 - 2 - http://t.co/Scbv0YUs3G - #bargain #deals
309159892177010691	Eddie Bauer Rain Event: All Rainwear 25% Off - http://t.co/PDRJWhPaHC - #bargain #deals
309159854335991808	Save up to 97% off with daily deals on men's fashion and accessories from brands like... - http://t.co/rpzHXx4qco - #bargain #deals
309159832106172416	travel with renee @ http://t.co/7Ucz7Z0yV6: Travel Deals of the Week!! http://t.co/WqRvZm5mWs #cruise #vacation #ttot #deals
309159816142680065	Wedding-120x60 - http://t.co/RlXq1J5JOd - #bargain #deals
309159777475387392	Dining Room Furniture at Warehouse Prices - http://t.co/D2dXBiXA1I - #bargain #deals
309159739156213763	Primary Banner - http://t.co/jVIF4kZ9j8 - #bargain #deals
309159700606382080	One-Stop Wedding Solution at LightInTheBox-Find Whatever Wedding Needs-Make Deal Now! - http://t.co/z0QcddUJEW - #bargain #deals
309159659061792768	half-banner_234x60 - http://t.co/Zief1QpVeb - #bargain #deals
309159620197355520	CreditCards - 120 x 600 - All Cards Multi Colored Banner - http://t.co/Yg9bp6ind7 - #bargain #deals
309167523486658561	Serenata Hampers: 5% #voucher code - 5% off all items at Serenata Hampers using #discount code. Ends: 03/31/13 http://t.co/PsWwnW1RVm
309167342779236352	RT @TopUKDeals: Strawberry Blushes: 15% #voucher code - 15% #discount on Minna Ola from Strawberry Blushes using voucher code.‚Ä¶ http://t.co/04Iw1crdhq
309166463242092546	#WhatiDoWhenIAmAlone Rebate: Up to $120 Back on Select Monroe or Rancho Products http://t.co/blyv91JDcG #Discount
309166460943626241	#WhatiDoWhenIAmAlone Buy A BOB Revolution SE Single Stroller, Get A Free Snack Tray http://t.co/MvZYv8mXiA #Discount
309165010440052737	Heart Internet: 20% #voucher code - Take 20% #discount on Linux Dual Core Dedicated Servers from Heart Internet‚Ä¶ http://t.co/Cv2ZiWUsQL
309164996754018304	Marsdens Cottage Holidays: ¬£25 #discount code - ¬£25 off weekly cottages holidays in South West from Marsdens‚Ä¶ http://t.co/wbAKYXe96g
309164979557367809	One2Own: 30% #voucher code - Grab 30% #discount from One2Own using voucher code. Ends: 03/08/13 http://t.co/CyNoaom4Hm
309164884950671360	SAVE $28.96 - HDE Xbox 360 HDMI + Audio Dongle Adapter &amp; Cable $3.03 http://t.co/eRXGnZaQMC #discount #xbox
309164699705016320	Tim#hotel Italie - Bercy,#Paris, #Discount -10% for double room for 1 ngh from 08Mar(new rate ‚Äì 59‚Ç¨,9‚Ç¨ off) http://t.co/RrjBYcPAJO
309164551805489155	#Karaoke &amp; #Hoteliers night at #Moodz, offering all Hoteliers 50% #discount. who is joining? at Al Ain #Rotana #Hotel http://t.co/B1GFd3U6D2
309164467252498432	Get $36 Off PRO Plan @ iPower #coupons #discount #ipower http://t.co/MpI0xg7Zoj
309164046005977088	Rubber Sole: 10% #voucher code - ¬£65 min spend - 10% off when you spend above ¬£65 at Rubber Sole using #discount‚Ä¶ http://t.co/gHpMWy2X7E
309164029014835200	Printerinks: 10% #voucher code - 10% off ink and toner (excl OEM) at Printerinks using #discount code. Ends: 03/23/13 http://t.co/KUQw8Q0Ujw
309164016159301632	Swishlife: ¬£5 #discount code - #free delivery - ¬£5 off any order + FREE delivery at Swishlife using discount code.‚Ä¶ http://t.co/Ry8KMeTBsy
309163449227812866	Jewellery &amp; Watches: 593 stores offering 412 #discount codes - Save money instantly! http://t.co/coV83ZQ9ea
309163235242811392	Just got off of work !!üòÑüò¨üëå‚ú®üí∞üíµ #Tired #Jack #In #The #Box #Discount #Bitches http://t.co/VRwYv98fsG
309162918497357825	Let's go shopping! Use code JESSICA for 20% off of your order from @BHBaubles! #discount @jayemmtee http://t.co/10dzHkuuib
309162837018820609	#Hotel Staybridge Suites St. Petersburg,#Saint-Petersburg,19608-10% #discount 2838RUB for 09Mar for double room http://t.co/GKxk6z0jSf
309162504418885632	Snapfish: #free adv - 100 FREE prints when you order 50 or more at Snapfish using #discount code. Ends: 03/31/13 http://t.co/haw9HCqEuM
309162325993213952	Weekly Deal 1 ‚Äì Texas Instruments TI-Nspire Touchpad Graphing Calculator http://t.co/nnOw4QmZe6 #discount #promo
309162324864946177	Weekly Deal 2 ‚Äì Lexmark X544N Multifunction Printer on Sale. http://t.co/TjNRTVkCHm #discount #promo
309162323719901184	Weekly Deal 3 ‚Äì Basyx VL301 Fixed Arms Nesting Chair http://t.co/dUEAZEO61B #discount #promo
309162322625187840	Weekly Deal 5 ‚Äì Quartet Prestige Plus Markerboard on Sale. http://t.co/LjJNCCbCwv #discount #promo
309162320913920000	Weekly Deal 4 ‚Äì Lorell 44553 Floor Fan on Sale. http://t.co/upnrwGVBPD #discount #promo
309161379041013760	Battpit‚Ñ¢ Laptop / Notebook Battery Replacement for Sony VAIO VGN-AR18CP (6600 mAh) with FREE 8... http://t.co/RmGg39GjEH #discount #deal
309161377996623874	George Harper H&amp;B Lville Slugger Game Used Bat 1916-29 - Game Used MLB Bats: George Harper H&amp;B... http://t.co/gowac0VzN2 #discount #deal
309161376826392576	Waterhog Grand Premier Floor Mat - One End: Cleated Back - 6' x 19.3' - Regal Red: This bar fl... http://t.co/omf8G9Y7dG #discount #deal
309161374741843968	8000K BLUE HID HEADLIGHT KIT H4 Suzuki GSX-R750 96-06: Xenon HID conversion kit offering True ... http://t.co/sm7zZD7o70 #discount #deal
309161373546475521	Home Decor King Size Bedspread with Elephant Patch &amp; Thread Work Cotton Bed Sheet Bedspread Ta... http://t.co/2UIOqmwNOQ #discount #deal
309160210277232640	#discount #deal Hot Deals 4: Levi's 512 Misses Perfectly Slimming Boot Cut Jean with Tummy Slim... http://t.co/LySoseRF9Z Best Buy Price
309160208561758208	#discount #deal Hot Deals 8: Gloria Vanderbilt Women's Amanda Denim in Silverpond New Women Jea... http://t.co/7dKF3beuzK Best Buy Price
309160166518038528	#bestdeal Cool 9: Google Nexus 7 Tablet (16 GB) cool tablets http://t.co/n56NmiBb0C Affili... http://t.co/oYAySW8ONb #discount
309160165423345666	#bestdeal Cool 10: Toshiba Satellite C855-S5343 PSCBLU-025003 15.6-Inch Laptop (Satin Blac... http://t.co/HxLbaisaEg #discount
309160123446726656	Twitter Coupon! 10% off complete order - "TWMC" at checkout #Discount #Save #Coupon http://t.co/hAZ7hn5kjI
309159270300135424	Only 5 days remain for our Winter Sale http://t.co/9TbpeLbsYK #yyj #victoriabc #Canada #fashion #sale #discount
309156357758656512	When I miss Indonesia shoud I buy it? #questionmark #discount #indomie #indofood #tetepmahal #gakworthit‚Ä¶ http://t.co/rn88FxcIay
309155397527285762	Music, Movies &amp; DVDs: 181 online stores offering 108 #discount offers - Save money now! http://t.co/VS1XB47c4p
309154920018345984	Darlings of Chelsea: 3 DAYS 2go! 10% #voucher code - 10% #discount on Sandhurst leather sofa from Darlings of‚Ä¶ http://t.co/HrhJE1wuki
309154757933662209	(„Ç¢„Éû„Çæ„É≥„ÅßÂ£≤„Çå„Å¶„Åæ„Åô)„Å¶„Å£„Å∫„Çì„Å®„Å£„Åü„Çì„Åß! ÈÄöÂ∏∏Áõ§Type-M„Äê„Çπ„Éö„Ç∑„É£„É´„Ç§„Éô„É≥„ÉàÂøúÂãüÂà∏Â∞ÅÂÖ•„Äë(ÂàùÂõû„Éó„É¨„ÇπÁõ§)(DVD‰ªò) „Äê„Çπ„Éö„Ç∑„É£„É´„Ç§„Éô„É≥„ÉàÂøúÂãüÂà∏(Â§ßÈò™„ÉªÊù±‰∫¨„ÅßÈñãÂÇ¨„Åô„Çã„Çπ„Éö„Ç∑„É£„É´„É©„Ç§„Éñ„Å´ÊäΩÈÅ∏„Åß„ÅîÊãõÂæÖ! !)‚Ä¶ http://t.co/HU2fzN1mYE #discount
309154412289486848	Day2dayshop: 10% #voucher code - 10% off printer ink cartridges at Day2dayshop using #discount code. Ends: On-going http://t.co/EARYHHZZ0P
309154399249375233	Serenata Hampers: 5% #voucher code - 5% off all items at Serenata Hampers using #discount code. Ends: 03/31/13 http://t.co/x8XSlid4me
309153431455686656	EasySpace: ¬£3.52 #discount code - Spend only ¬£5.98 for .org.uk 2 year domain registration (worth ¬£9.50) at‚Ä¶ http://t.co/CmShUxLH8L
309153392649986048	#Hotel #Discount on Hilton San Diego Resort &amp; Spa | http://t.co/Epk7Mjo0Tu http://t.co/FMNViUdXD8
309152963149066241	check out amazing daily deals on outdoors gear!! http://t.co/L9ZGW4NGL8 #discount #special #deal
309152864540966912	For my lovers of fashion #fashion #hm #discount #promotion #metro #spring #styling #model http://t.co/Vn7KZtINhi
309152345068011520	#toyota #camry #discount #sale #cars Toyota Blinks on Camry Discounts After Sales Drop: Cars http://t.co/p0mryFKM5u via @BloombergNews
309152176800940032	@SylviaCox3 - #Duty Free Prices - 60% #Discount - #Cosmetics - #Perfume - #Cigarettes - http://t.co/KKVuowK3BG - NO TAX - #Free Ship
309151995384696832	#Duty Free Prices - #Cosmetics - #Perfume - #Cigarettes - NO TAX - http://t.co/KjI5FFApND - #Free Worldwide Shipping - 60% #Discount
309151665892782080	2 meter Category 6 Cat6 Shielded Hospital Grade Ethernet Network Patch Cable Cord for Internet... http://t.co/uMB2TTvCCp #discount #deal
309151662184992768	4 Port SATA3G Controller: Promise Combo Controller SATA-300/ATA-133 3-Ports PCI Low Profile SA... http://t.co/LcHS6qnvP8 #discount #deal
309151660993835008	Magnum Premium Almond, Vanilla &amp; Chocolate bar, 3.30 Oz (Pack of 12): For the nut lovers out t... http://t.co/YLS13EqYXH #discount #deal
309151659311890432	NRG ST-015R STEERING WHEEL + HUB + QUICK RELEASE - 97-99 AUDI A6: "NRG GEN 2.5 Quick Release S... http://t.co/wh8AwcI9fx #discount #deal
309151617301757952	7% off all Wyndham Furniture Orders  #Discount: http://t.co/AjMFYnru6S: 7% off  http://t.co/gLxhgxXJkD #Coupon
309151546921349121	Save 15% on orders of Jael and Talon Light ... #Discount: http://t.co/AjMFYnru6S: Save 15% http://t.co/WAiLqYZ9LN #Coupon
309151507364859905	Fish McBites http://t.co/HVIFQg2WeC Over 40% Off the Lorex LW292 Video Monitoring System #Discount
309151324363161600	Save 10% on order of Steve Silver Granite Bello ... #Discount: http://t.co/AjMFYnru6S: Save 10%  http://t.co/athaM1hAnX #Coupon
309151298417221632	Save an extra 11% Sitewide for Spring Break.  #Discount: http://t.co/j9sC4mgkrX: 11% Off http://t.co/7fU8AavGK2 #Coupon
309151168716742656	5% off All Dining Room Sets   #Discount: http://t.co/AjMFYnru6S: 5% off  http://t.co/xL6AKYo1Fk #Coupon
309151156192559104	Get 10 free mineral eyeshadows when ... #Discount: http://t.co/QhqdSxEhdf: Free Mineral eyeshadow http://t.co/6CvgBburo5 #Coupon
309150288873414658	Scosche GM22SR LAN Stereo Replacement Interface with Non OnStar for 2006-Up GM: 2006-Up GM LAN... http://t.co/MuR7IrkDbn #discount #deal
309150287858372609	SterlingTek's POWWER Compaq Presario V3177TU Extended 9600mAh Laptop Batteries: "This POWWER h... http://t.co/ERTse4boIE #discount #deal
309150286889488385	Battpit‚Ñ¢ Laptop / Notebook Battery Replacement for Acer Aspire One A150-1249 (6600mAh / 73Wh):... http://t.co/Cbowk2WCfq #discount #deal
309150285769629696	Christian Prayer: The Liturgy of the Hours: This volume is liturgically accurate, magnificentl... http://t.co/T5LzVb0nGX #discount #deal
309149997084053506	#Duty Free Prices - #Cosmetics - #Perfume - #Cigarettes - NO TAX - http://t.co/fF6Y6u8dZy - #Free Worldwide Shipping - 60% #Discount
309148990501425152	Limited Time Offer : Buy 1 Free 1 Cloud Server http://t.co/eLImxcMkT7 #cloud #webhosting #server #promotion #free #discount #offer #host
309148877058105344	iSupp: NEW voucher codes added - 5 #discount codes with big savings! http://t.co/agWqZ9586J
309147188653604865	RT @CouponsUK: BLT Direct: TOP #deal! 5% #voucher code - 5% off your 1st order at BLT Direct using #discount code. Ends: On-going http://t.co/navls104sb
309147184165703681	RT @CouponsUK: Honey Tree Publishing: TOP #deal! 5% #voucher code - Take 5% #discount from Honey Tree Publishing using EXCLUSIVE‚Ä¶ http://t.co/1yt9Izj8Fv
309147170794246146	RT @PrizeDrawsUK: Hosting24: $24 #discount code - $24 discount on one year subscrition or $2 discount on one month subscription at‚Ä¶ http://t.co/D356vhjs2i
309146915201744897	Hosting24: $24 #discount code - $24 discount on one year subscrition or $2 discount on one month subscription at‚Ä¶ http://t.co/D356vhjs2i
309146880032534528	Honey Tree Publishing: TOP #deal! 5% #voucher code - Take 5% #discount from Honey Tree Publishing using EXCLUSIVE‚Ä¶ http://t.co/1yt9Izj8Fv
309146867051143169	BLT Direct: TOP #deal! 5% #voucher code - 5% off your 1st order at BLT Direct using #discount code. Ends: On-going http://t.co/navls104sb
309146373427707904	Evans Cycles: NEW voucher codes added - 9 #discount offers with huge savings! http://t.co/BhFVDElP8T
309146356084273153	timetospa (Elemis): NEW voucher codes added - 5 #discount offers with big savings! http://t.co/uCNyKaNsWw
309146339034402817	Euroffice: NEW voucher codes added - 7 #discount offers with huge savings! http://t.co/0Rm9fSZItm
309146198529429504	Let's go shopping! Use code JESSICA for 20% off of your order from @BHBaubles! #discount @jayemmtee http://t.co/teN8ogZ615
309146161665691650	SAVE $9.00 - Turtle computer mouse $10.99 http://t.co/qxO7JYILvN #discount #mouse #ad
309145895579029504	RT @indiacoupons: eShakti: Save on spring/summer dresses. Expires 3/20/2013 http://t.co/TPS8hrvrc5 #discount #offer
309145651311153152	eShakti: Save on spring/summer dresses. Expires 3/20/2013 http://t.co/TPS8hrvrc5 #discount #offer
309145348146860032	TEKLYNX L8UPRPROS LV PRO RUNTIME V8 TO PRO V8.01: L8UPRPROS by Teklynx Labelview Pro Runtime V8 To V8 http://t.co/XzKJofUddM #discount
309144337902620672	To my Chicago/Indiana peeps try this to get 10 cent discount per gallon!!! #discount #on #gas!!! http://t.co/rowfKLR3QB
309144325567176704	Thorntons: 3 DAYS 2go! 15% #voucher code - Grab 15% #discount from Thorntons using voucher code. Excluding flowers,‚Ä¶ http://t.co/y1IGmlBEDT
309143976752054272	To celebrate International Women's Day, we're offering 50% off this great range of products! http://t.co/OZmOQXvXrk #coupon #discount
309143870195769348	eFlorist: 10% #voucher code - 10% off all products at eFlorist using #discount code. Ends: 05/30/13 http://t.co/2kEXy0U698
309143843301912576	SubscriptionSave: ¬£10 #discount code - ¬£10 off a subscription to Air Gunner magazine from SubscriptionSave using‚Ä¶ http://t.co/mfrV2FamMD
309143735508291584	Weekly Deal 4 ‚Äì Lorell 44553 Floor Fan on Sale. special offer up to 50 off http://t.co/q5e4rKL87f #discount #promo
309143443412770817	RT @Katheleen_Souza: House, M.D.: Seasons 3-4: HOUSE:SEASON THREE &amp; SEASON FOUR - DVD Movie http://t.co/mXHlcabMDm #discount #deal
309143199207804928	DS Miller Inc. Equivalent of ACER 5600 SERIES Laptop AC Adapter: 19-Volt 90-Watt Laptop AC Ada... http://t.co/N88a3niE3j #discount #deal
