event	308398661275111424	Book your hotel deals Hotel Mercure Rainbow Spend a couple nights at Hotel Mercure Rainbow in  #deals http://t.co/i2SKOUG2dA
health	308215054011194849	Get $8 Off $150 @ Muscle &amp; Strength #coupons #deals http://t.co/nSMgZ7r5v6
art	309512129285853184	 Marvel Superhero Assorted Graphic Novel 15-Pack for $38 + $4 s&amp;h: Graveyard Mall offers this ... http://t.co/vJLeYvsqCr #Offer360 #Deals
apparel	308215054011197980	Febreze Lavender Vanilla and Comfort Fabric Refresher, 27.0-Ounce (Pack of 9): Febreze Fabric Ref... http://t.co/V4LiXLfxoI #deal #deals
tech	309513762744979456	 DataMan Next : Track Data Usage In Real-Time for iPhone on Sale ($1.99 -&gt; $0.99) http://t.co/TE75jNMaAt #iphone #deal
home	308215054011203842	#discounts #deals Offer 10: Nespresso Pixie Espresso Maker, Red coffee espresso reviews http://amz... http://t.co/N2q4ztXhSl Best Buy Price
tech	308215054011206111	Lenovo DEALS - $9 Lenovo P830 Headset HOT #Lenovo #deals #coupons At http://t.co/ymcZqk6GBS
health	308381655717003265	Therapy Systems Retinol Cellular Treatment Cleanser / PM: Containing pharmaceutical grade microen... http://t.co/5hlCND14bn #deal #deals
tech	308215054011204704	Tena Serenity Absorbency Pads, Slender 30 ea http://t.co/kKjrv8ENqg #amazon #deals
camera	308328440174624768	#Canon Powershot A2200 14.1 MP #Digital #Camera with 4x Optical Zoom  http://t.co/CCeGr7RJMU  #photo #deals
art	309502343156736000	 SAVE $10 - The Shield: Season Seven - The Final Act $16.99 http://t.co/fvEkJtgjNH #discount #drama
health	308778903881789441	Full Body Handheld Massager: Full Body Massager!  Treats from the largest muscles to a soothing s... http://t.co/AmidvQHkDG #deal #deals
camera	308385294837751809	Canon EOS Rebel T3i Digital SLR Camera Body &amp; EF-S 18-55mm... http://t.co/ievo8qLs7C &lt;&lt;== #Deal #SLR #Cameras #Nikon #Canon #Sony #DSLR
event	308215054011198468	Save 75% on Conklin Fairs : $29 for 2 Passes or $49 for 4 Passes including snacks, drinks +toys! #Toronto #Deals -- http://t.co/iCX6KUUEp8
home	308215054011198716	Shiny and Bright: Cuisinart Stainless Steel Kitchen Tools - http://t.co/gsP1b9Y6W8 - #bargain #deals
event	308215054011206541	34.99 for a Freelander Tour - Super Convenient Trendy Wheely Backpack In a Choice of 7 Colours -... http://t.co/UG6ZHNY5rF #deals #ireland
health	309160419468144640	 Johnson &amp; Johnson Band-Aid WashProof Antiseptic – 10 Strips @ Rs.15: Buy Johnson &amp; Johnson... http://t.co/Z2Iet8qUmZ #DEALS #OFFERS
apparel	308785276719874048	NFL Sunglasses - Oakland Raiders:  http://t.co/TJvFz4ahkG #discount #deal
tech	308215054011206920	DS Miller Inc. Equivalent of DELL P0382 Laptop AC Adapter: 19-Volt 90-Watt Laptop AC Adapter. Our produ... http://t.co/5FPmARwODb #deals
event	308215054011205139	Cruise line packages 9 NIGHT SOUTH AMERICA CRUISE Spend 9 nights cruising aboard the Costa Favolosa  #cruise #deals http://t.co/SgqQNcVyv0
tech	308215054011195129	Samsung UN55ES6003 55" LED HDTV +  $300 GC for $1098 at Dell: Dell has the Samsung UN55ES6003FXZA... http://t.co/FEqZw5sze7 #goth #deals
camera	308387270346547201	rooCASE (Eco Green) Neoprene Sleeve Case for Sony Cybershot DSC-TX9 12.2MP Digital Camera Red:... http://t.co/qgHX8tBkHs #discount #deal
health	309114628191965185	The Body Shop: NEW voucher codes added - 6 #discount offers with big savings! http://t.co/ZcKV1TmQhU
tech	308215054011206025	Staples DEALS - $70 Buffalo MiniStation Plus 1TB USB 3.0 Hard Drive HOT #Staples #deals #coupons At http://t.co/spr3ZlMV4k
tech	308215054011198215	SAVE $2.51 - 50 Foot Section of Stinger 16 Gauge Red Primary Remote Wire $7.49 http://t.co/1UTw6N9R1N #deals #amplifier
tech	309137990872084481	$50 off Dell Laptops $599+ or $100 off $899+ at Dell: Through March 11th, Dell is taking an extra... http://t.co/iLO9irSeGv #goth #deals
camera	308383801095110656	Fujifilm Slim Camera Case for Fujifilm FinePix JV100 JV105 Z33WP + Screen Protector (Nylon Black): "Thi... http://t.co/GdVWvUGUUQ #deals
apparel	308369377365999616	#discount #deal Best New 9: Calvin Klein Jeans Men's Dark Cerulean Straight new releases jeans ... http://t.co/uIXM81tLSd Best Buy Price
apparel	309137805228003328	6pm - Bass Amherst Men's Oxford Shoes $32.48 http://t.co/EZn3f04Jwj #Deal - http://t.co/QImHB6xJ5b
home	308215054011200889	Amazon DEALS - $5 2-Pack 20" Drain Clog Remover HOT #Amazon #deals #coupons At http://t.co/1VMNQsOnnJ
tech	309164884950671360	 SAVE $28.96 - HDE Xbox 360 HDMI + Audio Dongle Adapter &amp; Cable $3.03 http://t.co/eRXGnZaQMC #discount #xbox
art	308215054011203939	Have you checked out Amazon's Bestseller List? The 100 most popular items in Amazon... http://t.co/8hDvnHGKJq #Deals #Sales
art	308360754141224960	#DEAL: Lincoln for President: An Unlikely Candidate, An Audacious Strategy, and the Victory No One Saw Coming by... http://t.co/UgpJXL2s9e
home	308215054011203422	eBay DEALS - $150 PU Leather Recline Office Chair with Ottoman HOT #eBay #deals #coupons At http://t.co/rxc12xsdIS
apparel	308400011413176321	[$57.99] Burton Powell Jacket  Men`s by WhiskeyMilitia:  The Burton Powell Jacket ushers... http://t.co/7ZPoliQzif #Deals #Daily
tech	308215054011204768	Hewlett Packard - Hp Lj8150 High Voltage Power Supply: Hp Lj8150 High Voltage Power Supply http://t.co/9L1GhDv88H #deal #deals
art	308215054011194118	Purchase The Jeopardy! Book by Alex Trebek, Peter Barsocchini for only $4 #book #deals - http://t.co/Aw5EzlQYbs @ThriftBooksUSA
event	309126751622160385	A suite on the #VegasStrip for under $60 sounds too good to be true, right? WRONG! Check out our #Suite #Deal: http://t.co/JgTMJ3GMzc
tech	308215054011204539	NETGEAR WNDR3400 Dual Band Router + $40 GC for $80 at Dell: Ends 3/3. Dell has the NETGEAR N600 W... http://t.co/p5a7BIgieX #goth #deals
tech	308215054011206244	Mover and Shakers #1: Pioneer SP-BS22-LR Andrew Jones Designed Bookshelf Loudspeakers: Pio... http://t.co/JYYkvx2p97 #deals #gifts #tech
home	308215054011197460	#discounts #deals Offer 8: NEW Four Piece 2 1/4" Herb, Spice or Tobacco Pollen Grinder coffee espr... http://t.co/zEiwVI5n0R Best Buy Price
health	308215054011195685	EUR29 for 2 Week Jessica nail polish and eye combo including eyelash tints, brow tints and brow... http://t.co/Ts70pW3NMk #deals #ireland
tech	308215054011197184	eBay DEALS - $142 ViewSonic VA2342-LED 23" 1080p LED Monitor HOT #eBay #deals #coupons At http://t.co/jwk5cAdzmB
art	308215054011204972	Physics with Many Positrons:  Volume 174 International School of Physics Enrico Fermi (Italian Ph... http://t.co/1FgjFUyOX1 #deal #deals
tech	308215054011206195	eBay DEALS - $299 Nikon D3100 Digital SLR Camera w/ 18 55mm VR Lens (Refurb) HOT #eBay #deals #coupons At http://t.co/zNNGmNvjdK
event	308383803355840512	The Madison Diner Coupon in Bainbridge Island, WA http://t.co/CgIEPBa2mi #deal
home	308215054011202017	Chocolate Berries by DEMDACO - Salad Plates Set of 4: Set of 4 8.5"dia. http://t.co/WdwXhYHBcg #deal #deals
apparel	308347821822705664	SAVE $38.52 - Tommy Hilfiger Women's 1781194 Sport Tank Stainless Steel Watch $66.48 http://t.co/G59VKxOeQc #tommy_hilfiger #discount
home	308215054011199008	Up to 25% Off Lawn Mowers - http://t.co/XVJWppumtH - #bargain #deals
art	309161334908526593	 Deal of the Hour $17.50 -- Broadway's 'West Side Story' in Boise, Reg. $35: The classic musical is "a s... http://t.co/2ZgoQ46FZt #deals
camera	308245400886853632	#Sony Cyber-shot DSC-HX20V 18.2 MP Exmor R #Digital #Camera-20x Zoom-3.0-inch LCD http://t.co/lRYNCWecSj  #photo #deals
apparel	308215054011204055	#discounts Best New 5: Levi's Men's 514 Straight Fit Zip Jean new releases jeans men http:/... http://t.co/AlGwRmewcB #deals
camera	308215054011198927	#Kodak EasyShare Z5010 #Digital #Camera Bundle with 21x Optical Zoom and HD Video Capture http://t.co/CX3NKUI9sh  #digitalcamera #deals
event	308215054011202327	Mariana's Trench concert tickets just $22 at Kool Haus #Toronto March 20th for Canadian Music Week #Deals -- http://t.co/jmHKnjr6Cs
home	308215054011199432	Introducing the Cuisinart Baby Collection - http://t.co/psKQJZ0Bma - #bargain #deals
home	308393772247556096	#Deals : Intex Classic Downy Airbed (Sizes Available: Twin, Full &amp;amp; Queen) http://t.co/Om9UkG5osk
camera	308397649734823936	#Panasonic #Lumix DMC-LX5 10.1 MP #Digital #Camera with 3.8x Optical Image Stabilized Zoom http://t.co/MSWrKzrJHx  #digitalcamera #deals
home	308334477116063744	#ForSale Vintage Rosewood Tables #antiques #Deal  http://t.co/ziE1aXibfy
event	308215054011198481	Discount hotel deals  Montebello Splendid Spend a couple nights at Montebello Splendid in Fl #deals http://t.co/4Xz3FDETqH
event	308336933048832000	$11 &amp;#8211; Dolphin ... #Discount: http://t.co/O5vlPHiotm: $11 - Dolphin Exploration Tour (Tampa) http://t.co/Xz7adPsdxT #Coupon
event	309513757883777025	 Jet2holidays: 5 DAYS 2go! £100 #discount code - Extra £100 per booking on all Holidays and City Breaks at… http://t.co/yLGRscVbgL
apparel	308215054011197285	6pm DEALS - $35 Naturalizer Bella Wide Shaft Boots HOT #6pm #deals #coupons At http://t.co/XH4QgQpNrl
tech	308215054011197241	Newegg DEALS - $67 Motorola SB6121 Surfboard Broadband Cable Modem HOT #Newegg #deals #coupons At http://t.co/eizEJci2B8
health	309120664466493440	$59 for Dental Exam, Cleaning, and X-Rays ($281 value) http://t.co/VuZftmPbM7 #deals #LA
health	308375793917128704	Nature Shop: HOT #deal! 10% #voucher code - Take 10% off your 1st order at Nature Shop using promo code. Save on… http://t.co/KelLPmzSMR
home	308215054011194601	The Homebrewer's Garden: If you have a backyard, or even a sun-facing porch, you can greatly enhance th... http://t.co/YJuWCZYxol #deals
camera	308366507858083840	Nikon CMOS Digital SLR Camera with 18-55mm f/3.5-5.6 AF-S DX... http://t.co/AzJ6DCzjeq &lt;&lt;== #Deal #SLR #Cameras #Nikon #Canon #Sony #DSLR
art	308358300615970817	Framed Gorgeous Piece of Folk Art - Hand Painted Animals - Great Colors! No Reserve! Bid Now! #Ebay #Deals #FolkArt http://t.co/HGYRfJhb0K
health	308246019433439232	Today's deal for a 60-minute full body massage at Blossom Beauty Salon for women for just AED 89! #Dubai #UAE #Deals http://t.co/DOnrs6gmhE
art	308381670145409025	Pre-order your 2013-2014 Entertainment™ Book now &amp; receive over $15,000 in valuable offers. Click here: http://t.co/z6E2pansNb #deals
apparel	308372993724276736	eBay DEALS - $39 Emporio Armani Sunglasses HOT #eBay #deals #coupons At http://t.co/tlwMA1466E
camera	308226200969568257	Canon SLR Gadget Bag For the Digital Rebel XT, XTi, XS, XSi, 350D, 400D, 1000D, or 450D Digit... http://t.co/4sUzs1gREl #Offer360 #Deals
camera	308237646986088448	#deals #coupons Canon PowerShot Digital Cameras Starting Under $80 http://t.co/REzBww2OHt
camera	309126996141690880	[Deal] Canon Legria HF R37 Full HD Camcorder only £132.94 refurbished @ canon ebay outlet http://t.co/YQ6WhS13PC #deal
health	309513050745094144	 RT @LifesABargain: Professional HSI Hair Straightener http://t.co/5wj9Sz8OyO  &lt;&lt; #Deal #Deals #Bargains
tech	308215054011198861	Save $120 on HGST 4TB External Hard Drive - http://t.co/MurioYydng - #bargain #deals
home	308215054011203779	#discounts #deals Offer 6: Gaggia 14101 Classic Espresso Machine, Brushed Stainless Steel coffee e... http://t.co/TiHKBmlGb1 Best Buy Price
tech	308215054011201135	Bestduplicator 3 Target DVD CD Duplicator with Pioneer DVDRW Burners Athena Duplication Controller, Sta... http://t.co/nsp7b8tfbw #deals
apparel	308215054011201563	#Shopping #Bargain #Deals Collectible Watches @ http://t.co/usnXiGaqBP
home	308215054011206231	Sears DEALS - $19 Craftsman Standard 12-Point Combination 12-Piece Wrench Set HOT #Sears #deals #coupons At http://t.co/kjQqgWvUG4
apparel	308383100495335424	$10 Off your next jewelry, fashion, shoes, handbags or beauty ... #Discount: http://t.co/c9MmSNeJze: $10 Off http://t.co/G6ushHck9O #Coupon
camera	308397729799872512	rooCASE Med Nylon Hard Shell (Pink) Case for Nikon Coolpix S70 Digital Camera Champagne &amp; Ligh... http://t.co/fBT2yYiEEE #discount #deal
home	308366223329095680	Luxuriate in a 1000 thread count with this four piece Imperial Hotel Fine Cotton Sheets... http://t.co/DBsBU0YNOz #dailydeals #deals
apparel	308215054011202682	[$22.95] Ryders Eyewear Fray Sunglasses  Polarized  $22.95  67 off by SteepandCheap:  ` ... http://t.co/7mhVEXDiif #Deals #Daily
camera	308373011243872256	#2: Samsung Digimax Samsung Digimax Camera SUC-C3 SUCC3 CB20U12 USB [Charge Charger &amp; USB] Synch Cable /... http://t.co/WjCwyqWpny #deal
apparel	308215054011198358	Ben Sherman Streamliner Aviator Gold Mens Sunglasses  #bargains #deals
apparel	309137805228003328	6pm - Bass Amherst Men's Oxford Shoes $32.48 http://t.co/EZn3f04Jwj #Deal - http://t.co/QImHB6xJ5b
art	308255464062324736	Today's #bargain? Check Fabricated: The New World of 3D Printing: Hod Lipson, Melba Kurman http://t.co/6xyzUps3I5  #book #deals
event	309514052277776384	 RT @Piggycode: Jet2holidays: 5 DAYS 2go! £100 #discount code - Extra £100 per booking on all Holidays and City Breaks at… http://t.co/yLGRscVbgL
camera	308215054011203617	Take Photos  on your ALL INCLUSIVE Summer Vacation http://t.co/QnpSEkyqMz #deals #teamfollowback #photography
apparel	308215054011194285	[$132.69] Glam Rock GR31010 by eWatches Hourly:		http://t.co/CWyzG9Try9 #Deals #Daily
apparel	308399560957497345	Men's Longsleeve El Ray Shirt: Patagonia Men's Longsleeve El Ray Shirt http://t.co/STXmwQQ2qc #deal #deals
tech	308215054011201276	New FSP Poewr Supply FSP180-50NIV-H 180W Microatx2.03 60mm Ball-Bearing Fan SATA Active PFC Bulk: 1 Yea... http://t.co/FBe9jRQcF9 #deals
home	308215054011203708	#discounts #deals Offer 10: Nespresso Pixie Espresso Maker, Red coffee espresso reviews http:... http://t.co/SIf7IO3Spt #kitchen #dining
health	309520965073793024	 #coupons #deals ##Amazon Top Diaper ##Deals of The Day http://t.co/HEQwWL2cms #amazondeals #babytoddler #babyproducts
tech	308215054011196636	LG 47LM6200 47-Inch Cinema 3D Smart TV http://t.co/OkmjV60ktk  &lt;&lt; #Deal #Deals #Bargains
tech	308215054011201048	Today's #bargain? Check #Sony MDR-V6 Monitor Series Headphones with CCAW Voice Coil http://t.co/HtIKSYui1J  #electronics #deals
home	308215054011204709	These 5 awesome executive chairs under $250 are just too good to pass up! #Deals #Sale #OfficeChairs #Bargains http://t.co/qtxtYXF7L0
camera	308327446770495488	Canon EOS Rebel T3i SLR Digital Camera Kit with Canon... http://t.co/mfI7gTtXma &lt;&lt;== #Deal #SLR #Cameras #Nikon #Canon #Sony #DSLR
art	308397728642265088	21st Century Complete Guide to Nepal - Encyclopedic Coverage, Country Profile, History, DOD, S... http://t.co/QPNwggDLDC #discount #deal
tech	309167212181221377	Team 32GB Class 10 SDHC Card for $17 + free shipping http://t.co/uD4yJgjRiK &lt;- link #deal
health	309124944330113024	Get Six Sessions of Laser Hair Removal on Two Small Areas (EUR79) or One Large Area (EUR119) at... http://t.co/f4pBkKpt7N #deals #ireland
home	308329506647719936	Pem America Trucks At Work Twin Quilt With Pillow Sham: Hand Crafted Quilt Set Includes 1 Twin Qu... http://t.co/aMBLIr9W1t #deal #deals
tech	308215054011205279	#8: #Toshiba #Satellite C855-S5343 PSCBLU-025003 15.6-Inch #Laptop (#Satin Black… http://t.co/faIHeXd1G1 #sale #deals
art	308334422669807617	Analysis of Law in the Marxist Tradition (Studies in Political Science (Lewiston, N.Y.), V. 12... http://t.co/UDj3UFPoAQ #discount #deal
tech	308215054011202378	SAVE $20.04 - SolidRun by Sewell, Cat5e CMR Bulk Cable, 1,000 ft., White, UTP, Pull Box $59.95 http://t.co/5Wh8cfI35X #deals #ethernet_cable
tech	308215054011203018	Ink &amp; Toner Deal : $12 for $25 towards Ink &amp; Toner Cartridges from 123TonerandInk #Canada #Deals #Toronto : http://t.co/qZaFGchDSe
apparel	309167544130998272	#SAVE 18% Gored Crinkle #Skirt buy now from $44.95 #deal http://t.co/KKGfWVw5h3
tech	308215054011195695	TigerDirect DEALS - $600 LG 47LM4700 47" 1080p 120Hz 3D LED Slim HDTV HOT #TigerDirect #deals #coupons At http://t.co/URneJ8fYTI
art	308784226466136064	Wow! Just £8.00 for Bath: pottery Painting £8 at Groupon http://t.co/dTg9e5V9Gx #deal
event	308331885233328129	#holiday #deals Ireland (County Cork) April £325 per week http://t.co/0x7jV209bz
tech	308215054011196966	Walkera HM CB 180D RC Helicopter (Walkera HM CB180D): Walkera HM CB 180D RC Helicopter (Walkera HM CB18... http://t.co/tXBFV1RLUN #deals
apparel	308215054011195756	Groupon DEALS - $19 Ecko Function Men\'s Track Jackets HOT #Groupon #deals #coupons At http://t.co/0wWt5LDTFx
home	308319872121704449	SAVE $0.03 - NFL Cleveland Browns Shower Curtain $29.96 http://t.co/48S3rn7mGe #deals #showercurtain
health	308215054011200222	$100 for Tanda Clear Anti-Acne Light Therapy - Shipping Included! ($195 Value) #Deals #Toronto - http://t.co/3y2SzHgq6F
art	309160923162112001	#books #1: The Blood Sugar Solution Cookbook: More than 175 Ultra-Tasty Recipes for Total Health and Wei... http://t.co/6UuK5jIcTl #deal
health	308366427218391040	Abdominal Fitness : $49 for the Abdometer Digital Workout Machine includes Shipping #Deals #Toronto ($120 Value) - http://t.co/lf8rMwoLUo
camera	308380108631187456	Fujifilm Finepix A303 Digital Camera Battery Replacement for 4 AA NiMH 2800mAh Rechargable Bat... http://t.co/peTKIax8ua #discount #deal
home	308215054011195586	Cutting Board &amp; Replacement Poly Top, 5/8", 12" X 18": Cutting Board ; Replacement Poly Top, 5/8"... http://t.co/UyDAT0JWGL #deal #deals
tech	309514859198947328	 BATTERY ELIMINATOR: Great on the workbench. Subs AA, AAA, C, D, 9V. Rotary switch selection. S... http://t.co/lkyz58dpjR #discount #deal
tech	308215054011202517	#Deals : Logitech 996-000104 Revue With Google TV Refurb - $99.96 http://t.co/T3aIsnx5GB
camera	308215054011195843	BestBuy DEALS - $90 Sony Cyber-shot DSC-W690 16MP Digital Camera HOT #BestBuy #deals #coupons At http://t.co/MktwrS76y2
apparel	309160223753527297	 #discounts Hot Deals 8: Gloria Vanderbilt Women's Amanda Denim in Silverpond New Women Jean... http://t.co/ShAfNIdWjo #deals
event	308215054011196693	Unlimited GoKarting at Downsview Park : $29 for Race Day Pass &amp; Fun Package at GrandPrix Kartways #Toronto #Deals --- http://t.co/efHABHYMq7
tech	308215054011206982	Pandigital Portfolio Cover for the R70D200 7" eReader - Black (COVPLE7BL7): Front cover protects screen... http://t.co/rB27MTV5zQ #deals
event	308324173153959941	Flights from Halifax  Santa clara Departs 28 March 2013 from $759* #flights #deals http://t.co/4dbVuzRmio
tech	308215054011205442	#7: #Office Mac #Home &amp; Student 2011 Key #Card (1PC/1User): Office Mac Home… http://t.co/Iu8rXWWEdQ #sale #deals
camera	309160447519629312	 Hitachi DZ-BX37E Camcorder Battery Charger - TechFuel® AC &amp; DC Compatible Travel Battery Charger http://t.co/vYoTn4yk1b #amazon #deals
event	308215054011200609	#ReiseDeals Urlaubs Deal City Trip nach Mailand http://t.co/fYRfiWyQ3S #Deals bei The-Pr.de
apparel	309137819643805696	6pm - Bass Amherst Men's Oxford Shoes $32.48: 6pm Coupons http://t.co/39Tt5nXRHd #Offer360 #Deals
home	308228457173745665	#discounts #deals Offer 3: Mr. Coffee BVMC-BMH23 Automatic Burr Mill Grinder, Black/Silver coffee... http://t.co/TvbzA2XzUZ Best Buy Price
camera	309160447519629312	Hitachi DZ-BX37E Camcorder Battery Charger - TechFuel® AC &amp; DC Compatible Travel Battery Charger http://t.co/vYoTn4yk1b #amazon #deals
event	308215054011194427	Great YHZ flight deals to Cayo Coco Departs 12 April 2013 from $609* #flights #deals http://t.co/r61igf9cC8
event	308332266357145600	Cash in on winter! Get up to $250 off your next vacation!  ENDS TODAY! #travel #deals Call in only: 1-888-926-6582 http://t.co/xnzq2A1aNu
apparel	309167234327138305	Famous Footwear - 15% Off Sitewide: Famous Footwear Coupons http://t.co/01BwdNamTG #Offer360 #Deals
tech	308215054011195410	HP - Compaq Presario V3847TU Laptop Battery (Replacement) http://t.co/wjYig14k5s #amazon #deals
event	308377679256776704	#DEAL: Hotel room + a day of #golf at Rancho Murieta Country Club!  Visit http://t.co/LMMrBGkpaC #Folsom #Sacramento
art	309130413287297024	GreatMagazines - For one week only, Todays Golfer is offering a years subscription to the magazine f... http://t.co/GmNErzcy2P #discount
apparel	309513239245508608	 DiscountWatchStore .com #Deal: Invicta 0517 Stainless Steel Russian Diver Rubber Strap Chro... http://t.co/wjoJvNsid4
home	308215054011196874	#deals #coupons Shiny and Bright: Cuisinart Stainless Steel Kitchen Tools http://t.co/ve1ruXRSbK
event	308369983094812672	Cheap hotel deals now New Aeolos Hotel Spend a couple nights at New Aeolos Hotel in Mykon #deals http://t.co/zgzQ6bzedO
event	308215054011205834	#MLB #Sport Yanks GM: Jeter about two weeks away from games - http://t.co/3hSLiwa2BB http://t.co/S3s2x5jPe5 #Deals
apparel	308215054011204421	#Shopping #Bargain #Deals Women's Cotton high waisted fitted jeggings with faux pockets From High Style @ http://t.co/6LESiRyVBT
camera	308215054011196115	Today's #bargain? Check #Nikon D3200 For Dummies (9781118446836): Julie Adair King http://t.co/Z2YuNYb55q  #book #deals
apparel	308215054011203933	[$15.99] 2 PACK: DESIGNER MENS LEATHER BELTS  GUESS, CALVIN KLEIN, MK by Shnoop:  Brand ... http://t.co/s7Hdq1jaKY #Deals #Daily
event	308319623126859776	Unlimited Go-Karting at Downsview Park : $29 for Race Day Pass &amp; Fun Package at GrandPrix Kartways #Toronto #Deals - http://t.co/efHABHYMq7
home	308328120807747584	#discounts #deals Offer 4: Nespresso D121-US-BK-NE1 Citiz Espresso Maker with Aeroccino Milk Froth... http://t.co/4DTWZgbE4h Best Buy Price
event	308339117022908416	$8 for 2 Tickets ... #Discount: http://t.co/O5vlPHiotm: $8 for 2 Tickets to the Austin Zoo (Austin) http://t.co/9xsFfmaH0b #Coupon
camera	309120855202492417	Nikon 55-300 VR DX SLR lens ($259.00 compare at $399.99) @ http://t.co/Mqy5oZwyBA Shopping (formerly  http://t.co/AfIMGH8Rct #Deals
event	308215054011195674	EUR99 for 2 Nights Stay for Two including Breakfast and a complimentary Bottle of Wine at dinner... http://t.co/Sek7PmGMlb #deals #ireland
tech	308215054011195951	SAVE $17.98 - LUXMO HD Crystal Case Purple with Black Swirl for iPhone 4 CAIP4PPBKSW $0.01 http://t.co/of3pAEHGc7 #gps #deals
apparel	308215054011205698	#Shopping #Bargain #Deals Faviana Apparel &amp; Accessories @ http://t.co/jFwinwGXq2
health	308215054011195675	EUR29 for 10 Classes of Hot Yoga at Hot Yoga Studios, Dundrum, Dublin 14. http://t.co/WmMJf5wLEp #deals #ireland
tech	308215054011205532	#RIM #Blackberry #Playbook 7-Inch ##Tablet 16GB #discounted 50% and priced $250! http://t.co/79LtSPIhsA  #electronics #deals
tech	309136455354163201	Raidmax AEOLUS ATX-818WB No Power Supply ATX Mid Tower Case (Black) $51.99 after coupon (+ flat shipping), http://t.co/srAA1BmAR8 #PC #deal
apparel	308215054011203251	World of Watches DEALS - $70 Red Line 90008 Racer Men\'s Watch HOT #deals #sales #coupons At http://t.co/w9n2K1Sg1c
health	308778068217053184	#deal #sale Scope Dualblast Mouthwash 750ml Bottle for $2 + free shipping: Amazon offers the Scope Dualblast… http://t.co/SzIC59aTeH
apparel	308215054011197588	#discounts #deals Hot Deals 5: Levi's 515 Misses Mid Rise Classic Boot Cut Jean New Women Jea... http://t.co/8xldyNxNoo best deal offers
art	308364043213754368	Pizza Lover's Cookbook: Creative and Delicious Recipes for Making the World's Favorite Food: Here... http://t.co/agNsNW3dI7 #deal #deals
art	308325006180507648	FREE Redbox DVD Rental #nowplaying #free #freebie #movie #deal #RT... http://t.co/JMc0DVQtdW
event	308230535912763392	Save 75% on Conklin Fairs : $29 for 2 Passes or $49 for 4 Passes including snacks, drinks &amp; toys! #Toronto #Deals - http://t.co/iCX6KUUEp8
tech	309167277155168257	Easy web hosting. $4.95 -  http://t.co/0oUGS6Oj0e  - Review/Coupon- http://t.co/zdgH4kv5sv  #wordpress #deal #bluehost #blue host
tech	308215054011204886	LG Optimus T (T-Mobile) Combo Pack - 2 Premium Silicone Cover Cases (Neon Green, Red) + Wall Char... http://t.co/qJkY87wyVy #deal #deals
event	308375490215948288	#NYC #Dance #Party  @ Croton Lounge Midtown West #NYC http://t.co/I97vztvZFH April 13 ~ #Discount Tickets in Advance
tech	308215054011197354	Adorama DEALS - $15 Creative EP-660 In-Ear Stereo Headphones HOT #Adorama #deals #coupons At http://t.co/jRKenH2Dfp
camera	308215054011202428	#Sony NEX-5N 16.1 MP Compact Interchangeable Lens #Camera With 18-55mm Lens http://t.co/GGXAP0kjNG  #photography #deals
camera	308215054011205915	#Panasonic #Lumix DMC-LX5 10.1 MP #Digital #Camera with 3.8x Optical Image Stabilized Zoom http://t.co/23rXzhthaP  #photography #deals
camera	308246749120720897	Sony Cyber-shot DSC-HX30V 18.2 MP Digital #Camera 20X Zoom 3" LCD $331.61 Free Shipping #Deals http://t.co/72iKduTgm7 via @amazon
tech	308783737741643777	#USA #DEAL HP Pavilion Elite e9150t PC computer blu ray burner!:  $479.95 (0 Bids)End Date: Monday Mar-4-2013 ... http://t.co/CMwjKNqWpk
art	308215054011196294	Purchase The Jeopardy! Book by Alex Trebek, Peter Barsocchini for only $4 #book #deals - http://t.co/dnEPiUDB9J
apparel	309137819643805696	6pm - Bass Amherst Men's Oxford Shoes $32.48: 6pm Coupons http://t.co/39Tt5nXRHd #Offer360 #Deals
tech	308215054011197178	Amazon DEALS - $799 LG 47G2 47" 1080p 120Hz Edge-lit LED LCD Smart HDTV HOT #Amazon #deals #coupons At http://t.co/OjIq5770co
camera	308215054011196386	Check this #bargain! David Busch's Compact Field Guide for the #Canon EOS Rebel T4i/650D http://t.co/VRX4tu0lwj  #book #deals
health	308385806144376833	$100 for Tanda Clear Anti-Acne Light Therapy - Shipping Included! ($195 Value) #Deals #Toronto --- http://t.co/3y2SzHgq6F
camera	308362415530209280	#Sony NEX-5N 16.1 MP Compact Interchangeable Lens #Camera With 18-55mm Lens http://t.co/gGM1aq3SIO  #digitalcamera #deals
art	308215054011194763	Race Fit: A Complete Pigeon Health Encyclopedia:  http://t.co/twhG7QlnjS #deals
home	308784687680204800	Enhance Memory Foam Full 3 Inch By SEI: Enhance Memory Foam is a naturally hypoallergenic and antimicro... http://t.co/BKWhQpP0bf #deals
tech	308777479710076929	AVG Technologies #Discount: 40%OFF on AVG Internet Security 2013 http://t.co/6RtOmdeFSe
health	308215054011195933	$90 for Balayage or Ombre Hair Painting ($300 value) http://t.co/J7IEnjQJFV #nyc #deals
event	308360655386316800	Hotelopia: 7% #voucher code - 7% off bookings at Hotelopia using #discount code. Ends: 06/30/13 http://t.co/yEgu1jrXHc
apparel	308215054011203175	Funny T-Shirts only $12 for $30 towards Hilarious T's from Busted Tees Canada #Deals #Toronto ---- http://t.co/1uwEpuynfY
apparel	308362751678509056	#deal #sale Columbia Men's Aerial Arson Omni-Heat Shell Jacket for $125 + $13 s&amp;h: Sierra Trading Post offers the… http://t.co/vB4oX0agIs
camera	308215054011200008	#Canon EOS Rebel T3 12.2 MP CMOS #Digital SLR with 18-55mm IS II Lens and EOS HD Movie Mode  http://t.co/qRqZSbrS1p  #photography #deals
tech	308215054011196587	#Microsoft Office Home &amp; Student 2010 - 3PC/1User (Disc Version) http://t.co/INLli2hgBe  #electronics #deals
camera	308334719530061825	Sushi at Yonge &amp; Eglinton : $20 for $40 worth of Succulent Sushi, Sashimi &amp; More from Sushi Kai #Toronto #Deals -- http://t.co/VRLWbKyTl9
home	308232392596930562	Home Depot - Pro-Series 22-Piece Combination Wrench Set $12.50: Home Depot Coupons http://t.co/M7hopMcXBC #Offer360 #Deals
camera	308215054011200540	Canon EOS 5D Mark II and Rebel T4i Deals http://t.co/9cUBdc2SsQ #deals #OperationMakeBieberSmile
art	308379645164810240	Today's #Free and #Bargain #Kindle #Book #Deals! http://t.co/dTsqG1vueH
tech	308215054011195847	Pauls TV DEALS - $750 Panasonic VIERA TC-L55E50 55" 1080p IPS LED HDTV HOT #deals #sales #coupons At http://t.co/iL5ha9Es3U
apparel	308215054011194253	[$80.99] Red Line 9000811 by WorldofWatches Hourly:  An aura of brilliance. This Red Lin... http://t.co/0GoPb20VSp #Deals #Daily
camera	309138519044005889	Win a DSLR Contest by Canon, Nikon or Sony from @Lensrentals Mega #Winsday #photography #contests #deals -- http://t.co/VeI3RWkEoP
health	309115153985712130	Nature Shop: TOP #deal! 10% #voucher code - Take 10% off your 1st order at Nature Shop using promo code. Save on… http://t.co/uvXNob1mMI
tech	308215054011195809	Mwave DEALS - $36 Infinity 1" Dome Tweeter Speaker Pair HOT #Mwave #deals #coupons At http://t.co/lKeTw2DXJ7
art	308215054011195510	Public Relations and Ethics: A Bibliography:  http://t.co/knJztkBe0S #deal #deals
event	309138043841949697	Discover South Pacific East Coast Explorer 2013 Spend 15  days touring  East Coast Explorer 2013 w #travel #deals http://t.co/HHLKBCrWzf
apparel	308215054011205222	You need #neon for Spring ladies!Match up your fave scarf with a fancy hat!#deals #newarrivals #geniusdeals #mhrack http://t.co/RTeCRV1i2A
apparel	308215054011197520	#discounts Hot Deals 8: Levi's 505 Misses Mid Rise Classic Straight Leg Jean New Women Jean... http://t.co/HbGfuavTEK #deals
art	308215054011197479	#5: The Hobbit: An Unexpected Journey (Blu-ray/DVD + UltraViolet Digital Copy Combo Pack): The ... http://t.co/8HIuCTuIFd #deals #movies
camera	308327440609071104	Kodak EasyShare Max MP Digital Camera with 30x Optical Zoom... http://t.co/UgVW0GUS9V &lt;&lt;== #Deal #SLR #Cameras #Nikon #Canon #Sony #DSLR
camera	308373011243872256	#2: Samsung Digimax Samsung Digimax Camera SUC-C3 SUCC3 CB20U12 USB [Charge Charger &amp; USB] Synch Cable /... http://t.co/WjCwyqWpny #deal
tech	308215054011196038	SAVE $39.99 - Curtis GPD430 4.3-Inch Portable GPS Navigator $65.00 http://t.co/kcyCUhkZKt #deals #gps_tracker
health	308394709561274368	Half Day Spa Package for 1 with Light Lunch OR Half Day Spa Package for 2 with Light Lunch,... http://t.co/hqDf1w0e65 #deals #ireland
home	308215054011200817	HomeDepot DEALS - $10 9-Piece Linzer Best Professional Paint Tray Set HOT #HomeDepot #deals #coupons At http://t.co/5E2A5mEyLb
apparel	308215054011197804	Eagle Creek Travel Bug Pack $25 at REI: REI has the Eagle Creek Travel Bug Pack (Red Clay/Gray) f... http://t.co/A4kqJCPulG #goth #deals
event	308375525804621824	[VoucherCodes UK] 15% off and Free Delivery at Motel Rocks http://t.co/KqqETV2QkC #deal
home	308215054011199480	25% or More Off Cat Beds &amp; Furniture - http://t.co/cvdvwpZ5RU - #bargain #deals
event	308374987188891648	[Go Go Worldwide Vacation] Dominican Republic Vacation - $515.00 http://t.co/cDMDeOeEv9 #deal #cheap
camera	309140791828312065	Nikon COOLPIX AW100 16 MP CMOS Waterproof Digital Camera with GPS and Full HD  #deal was $299.00 now  ...  http://t.co/7MWd78VIDi
camera	308386051360161792	#Deals : Nikon D7000 16MP Digital DSLR &amp;amp; 18-105mm Lens - $999.97 http://t.co/sf99u9y9No
home	308393978456334336	#discounts #deals Best Buy 3: Cuisinart HB-154PC Smart Stick Hand Blender With Whisk &amp; Choppe... http://t.co/oD41Yusxqa #kitchen #dining
tech	308215054011204644	DS Miller Inc. Equivalent of GATEWAY 3018GZ Laptop Battery http://t.co/FHA0Gdeaug #amazon #deals
health	308215054011197159	Brampton Shellac Manicures : $20 for Two Shellac Manicures at Hair &amp; Beauty Fair ($50 Value) #Deals #GTA #Toronto -- http://t.co/l1Ce2FYDWQ
apparel	308215054011196617	Colortime Tote Bag &amp; Fabric Markers Giveaway - Closed! http://t.co/UHGr3VfYov  &lt;&lt; #Deal #Deals #Bargains
health	308215054011202944	#Kmart #Deals with #Coupon #Matchups for 3/03-3/09. Maybelline Cosmetics $0.99 ea and More!....... http://t.co/vwwkOc3wvN
art	309120187293114369	VistaPrint: #free adv - 3 Personalised Mugs for the price of 1, or 1 for FREE at VistaPrint using #discount code.… http://t.co/Ww09XswtFt
health	308338350186708992	$ ... #Discount: http://t.co/O5vlPHiotm: $35 - 60 Minute Massage with Peppermint Scalp Treatment ... http://t.co/gi2lpwaIm1 #Coupon
art	308230590426144768	REDUCED FOR ONE WEEKEND ONLY TO 99c http://t.co/DmgmEghAB0… via @amazon #CANTPUTITDOWN #AMREADING #GOODREADS #BOOKWORMS #US #EBOOK #DEALS
apparel	308215054011198862	Save up to 50% on Maternity Denim - http://t.co/3b3VHW25ra - #bargain #deals
tech	308215054011201010	SAVE $4.41 - Car Charger for Google Nexus One $0.01 http://t.co/IbzCtst59U #car_charger #deals
health	309127723299782657	Aveeno Baby Eczema Therapy Moisturizing Cream, 5 Ounce #deal was $8.99 now  $7.98 http://t.co/Dms7KltsrM
apparel	308215054011198673	50% Off or More Designer Bracelets - http://t.co/cvdvwpZ5RU - #bargain #deals
home	308215054011203679	#discounts #deals Offer 6: Gaggia 14101 Classic Espresso Machine, Brushed Stainless Steel cof... http://t.co/7sFY8OKRbv #kitchen #dining
home	308215054011199060	[$7.99] Stainless Steel Pepper Grinder  Single Hand Use  SHIPS FREE by 13Deals:  More Im... http://t.co/9fGiE5EFn7 #Deals #Daily
apparel	308215054011199142	[$4.99] AntiFatigue Compression Socks  Soothe Tired, Achy Legs amp; Feet They Work Miracles SHIP... http://t.co/jjGe5UAEgX #Deals #Daily
camera	308241625556086785	Looking for a #bargain? #Nikon COOLPIX L26 16.1 MP #Digital #Camera with 5x Zoom Lens http://t.co/iV9ZyQPfFp  #photo #deals
tech	308773194045734912	Amazon DEALS - $74 32GB PlayStation Vita Memory Card HOT #Amazon #deals #coupons At http://t.co/XcAIZ0v2d9
tech	309165716106539009	 Sears DEALS - $37 Klipsch Reference S4 Premium In-Ear Headphones HOT #Sears #deals #coupons At http://t.co/qNiH2YgreY
event	308382607408771072	Hotel deals! Radisson Resort Orlando Celebration Spend a couple nights at Radisson Resort Orlando C #deals http://t.co/R9Mdsz9Hx6
tech	308215054011198605	Save up to $180 on Select Dell Inspiron Laptops - http://t.co/6o9L7X2hB7 - #bargain #deals
health	308778903881789441	Full Body Handheld Massager: Full Body Massager!  Treats from the largest muscles to a soothing s... http://t.co/AmidvQHkDG #deal #deals
camera	308371721524744193	#deals Canon PowerShot SX150 IS 14.1 MP Digital Camera with 12x Wide-Angle Optical Image Stabilized... http://t.co/7zymwRRu7t #discounts
health	308232630183264256	0.00Totes Travel Nail Care Kit by Tanga Deal 2:  $0.00 BUY IT NOWEnjoy salonstyle manicu... http://t.co/BLkvFWozoO #Deals #Daily
apparel	308215054011200629	High Heel #deals: "WTH - Red Plaid" was: $59.99 now: $49.99 http://t.co/mZnVdM1oOA http://t.co/XNVvnBlrXI
event	308215054011206854	#MLB #Jeter Yankees rumors &amp; news: Robinson Cano, Kyle Lohse, Derek Jeter - MLB Daily Dish http://t.co/xb4zypFS69 #Deals
event	308215054011199160	European tour deals Halloween in Transylvania Spend 7  days touring  Halloween in Transylvania w #travel #deals http://t.co/oCjskmyvBp
event	308399708806709248	A suite on the #VegasStrip for under $60 sounds too good to be true, right? WRONG! Check out our #Suite #Deal: http://t.co/oCHP7d3jGl
camera	308375000094752768	#Panasonic #Lumix DMC-FZ47K 12.1 MP #Digital #Camera with 24xOptical Zoom http://t.co/moFQZMjjx1  #photography #deals
event	308361146665144320	Save 75% on Conklin Fairs: $29 for 2 Passes or $49 for 4 Passes including snacks, drinks &amp; toys! #Toronto #Deals : http://t.co/iCX6KUUEp8
art	308359016311033858	1979 Ellen Schlegel American Watercolor Painting - Beautifully Framed -Flowers #Vintage #Watercolor #Art #Ebay #Deals http://t.co/pQJpzyiltd
art	308397656269549568	Inception (Two-Disc Edition) [Blu-ray]  #bargains #deals
home	308215054011198904	Go Green and Save on Eco-Friendly Pet Supplies - http://t.co/mmWBFGBu92 - #bargain #deals
tech	308778410199613441	WolVol NEW (Android 4.0 - 1GB RAM) SOLID PINK 10inch Laptop Notebook Netbook P #deal was $229.94 now  $179.94 http://t.co/CkqzmXYknv
apparel	308215054011197727	CamelBak Friction Fighter Nomex Gloves $23 at eBay: eBay with Botach Tactical has the CamelBak Fr... http://t.co/aIYRcv9QOe #goth #deals
tech	308215054011206271	Mover and Shakers #3: Apple iPod shuffle 2GB Green NEWEST MODEL: Apple iPod shuffle 2GB Gr... http://t.co/vIViEtCr43 #deals #gifts #tech
home	308215054011195203	Mortein Power Gard Power Booster Rs. 51 – Tradus: Mortein PowerGard Vaporizer is 7x more powerful... http://t.co/gIAew3Y7Yx #DEALS #OFFERS
art	308375502790467584	[Deal] The Walking Dead - Season 1 and 2 DVD £13.95 @ Zavvi http://t.co/liAiOHFPaP #deal
tech	308785281748856833	Sena Kutu Leather Protective Pouch for HTC EVO Shift 4G, Black/Black: The Kutu is a new sophis... http://t.co/gOmuiz3DB7 #discount #deal
apparel	308215054011201782	rt @tweetmeme Make Your Own Shirt with Free shipping deal @ Spreadshirt #coupons #deals http://t.co/irlbTjbXnO #free #shop #promo #sale
apparel	308215054011201945	Ann Michell Braless Thong Back Body Briefer Style 1054 - Mocha - XLarge: This thong back body bri... http://t.co/igFSYmCmqU #deal #deals
tech	309517436208680961	 Sony Xperia ZL Rs. 32391, Z Rs. 35091 – IndiaTimes Shopping: Experience the best of Sony in a... http://t.co/rNOp40sHe7 #DEALS #OFFERS
apparel	309160321262694400	 SKECHERS SPORT Logo - Blue - http://t.co/BO2LpE31eM - #bargain #deals
health	308229021920018432	Beauty Bar Laser Clinic : $99 for 6 Soprano Laser Hair Removal Sessions (Reg$1200) #Toronto #GTA #Deals --- http://t.co/2dFAZEDRhN
apparel	308215054011198061	umi Toddler/Little Kid Queenie Hook-And-Loop T-Strap,Black,29 EU (US Little Kid 11-11.5 M):  http://t.co/x2HEC2V0aG #deal #deals
tech	308215054011194078	Looking for a #bargain? #Apple #iPad MD329LL/A (32GB, Wi-Fi, White) http://t.co/ZvWN0IL5id  #electronics #deals
apparel	308215054011203406	Woot DEALS - $45 Powerbag Gadget-Charging Bags HOT #Woot #deals #coupons At http://t.co/t1PIWayZzc
health	308780410270269440	Last chance to get Ovuline's Smart Fertility Kit for 20% off! @ovuline http://t.co/rAiG3dF7ly #fertility #deals
apparel	309160224848232449	 #discounts Hot Deals 4: Levi's 512 Misses Perfectly Slimming Boot Cut Jean with Tummy Slimm... http://t.co/wx5EEwUWTu #deals
camera	308247912989728768	#Sony DPF-D95 9-Inch #LED Backlit #Digital Photo Frame with Remote  http://t.co/joPr5ESYUu  #photography #deals
tech	308215054011201662	CONNER - 1.05GB WIDE U-SCSI HARD DRIVE http://t.co/6BL9iF5HyO #amazon #deals
health	308332328814522369	$49 for 3 Pilates Reformer Classes plus Free Intro Class ($99 Value) http://t.co/WbnMBxiMIo #nyc #deals
event	308356290613219328	Get two tickets to @SanDiegoZoo, @sdzsafaripark or @Seaworld with this hotel package! #SanDiego #vacation #deal http://t.co/yfwFZUEI0X
event	308215054011199932	Vacations in C. America Mayan Ruins and Culture Spend 14  days touring  Mayan Ruins and Culture wi #travel #deals http://t.co/gjLRSSko5e
apparel	308215054011201544	I just found a great coupon: Get 15% off @ Banana Republic #coupons #deals http://t.co/0k9UDJQp8B
art	308215054011205885	Buy a copy of "Disney's Aladdin" by A. L. Singer, Kenny Thompkins, James Gallego for only $4 #book #deals - http://t.co/WeETZnJXme
apparel	308215054011202115	I just found a great coupon: Get 15% Off @ Shoes for Crews #coupons #deals http://t.co/WzfjrjrsqQ
tech	309517332928159744	 Flat 10% ExTra OFF on Smartphone, Value Mobiles phones &amp; Tablelts: http://t.co/lU1wHwyvYv in it's... http://t.co/ar7AiaVdIA #DEALS #OFFERS
art	308215054011200351	The Doorknob Society book trailer. http://t.co/eRqKW3dSyy #ebook #nook #kindle #kobo #deals
event	308215054011195069	Dinner Cruise : $35 for a 3-Hour Dinner Buffet Cruise from Toronto Cruise Lines ($85 Value) #Deals #Toronto ---&gt; http://t.co/R06hMvfT9G
home	308215054011198962	Save up to 25% on Diamondback Kids' Bikes - http://t.co/IQmxYx62u4 - #bargain #deals
apparel	309159892177010691	 Eddie Bauer Rain Event: All Rainwear 25% Off - http://t.co/PDRJWhPaHC - #bargain #deals
tech	308215054011194524	2n1 Nylon Hard Shell Case (Green) and LI-40B LI-42B Battery for Olympus Stylus 7040 14 MP Digital Camer... http://t.co/PHo0EKMgME #deals
tech	309161706112815105	RT @BargainNext: #coupon - LE6OFF - Electronics Coupon: $6 off $80 with code: LE6OFF - http://t.co/Ji3yh1KqGF - #bargain #deals
art	308392677748125697	RT @kennamckinnon: Bestselling international author @cherylktardif featured here: http://t.co/7drhPTQp0w #fthrillers #DEAL #ImajinBooks
tech	308215054011206639	Corsair Vengeance K60 Performance FPS Mechanical Gaming Keyboard http://t.co/2t9Bo3LnL3  #electronics #deals
apparel	309165712881111040	 Fossil DEALS - $0 Up to 55% off in Sale HOT #Fossil #deals #coupons At http://t.co/9xdOpieCub
tech	309167277155168257	Easy web hosting. $4.95 -  http://t.co/0oUGS6Oj0e  - Review/Coupon- http://t.co/zdgH4kv5sv  #wordpress #deal #bluehost #blue host
event	308231610631876608	Arapahoe Basin 1 Day Lift Tickets - 2013-04-27 http://t.co/pIitIvD3HG #ski #deals
apparel	308777105464909828	Ann Taylor drape front sleeveless V neck shell blouse top size 4: $24.80End Date: Wednesday Apr-0... http://t.co/yRx7VHPh3p #ebay #deals
apparel	308215054011197018	Tapout Fitted Precise Damage Hat (S/M): Fitted Hat Precise Damage Hat SKU: 1_5185X-BLACK  Standard 5 Pa... http://t.co/MrO7gtTJos #deals
art	308215054011201753	Oopsy daisy Space Ebyploration Stretched Canvas Art by Justine Bassett and Jill Bachman, 54 by ... http://t.co/F2i80StSNg #amazon #deals
art	308215054011200291	The "One stop source for #Agile, I recommend it to fellow Agile practitioners" USA $2.99  #Kindle #project #deals http://t.co/Vn9ww4QGa1
event	308215054011202402	Puerto Aventuras Here We Come - #teamfollowback http://t.co/CGmsZ4ureR #deals #Mexico
health	308215054011200039	$20 for a 30 Minute Watsu Massage ($40 Value) - http://t.co/OFMo0vBhxt http://t.co/knI9BifLZV #deals, #coupon,
apparel	308215054011203070	SAVE $22.87 - Sportsheets Latigo Leather Harness $14.27 http://t.co/HVyfs0pRIb #deals #dildo
art	308375610772844544	If you're gonna be in #NYC in March, check out the @ArtExpoNewYork w/ this #deal from @groupon #art #culture #travel http://t.co/IJDHPj9bUG
apparel	308215054011198305	#Deals : Barbie In The Pink Shoes (Anamorphic Widescreen) http://t.co/fN1HzLmPep
event	308245497502654464	Take a trip to the ATL and stay overnight at rates that are a whopping 50% off! http://t.co/mhWjMbR6OK #travel #deals
tech	308215054011202271	Today's #bargain? Check iMainGo 2 Portable Speaker for  #MP3 Players http://t.co/fjGqU50FIM  #video #deals
apparel	308215054011206579	Engagement Ring For Sale - #deals http://t.co/yywICTPfL4 #jewelry, #love
tech	308215054011194110	Limited 3-Box $20 BOGO, Supreme $9 BOGO, PTC Basketball $10 BOGO, Sterling Baseball $20 BOGO, Bowman Chrome $7 http://t.co/WMdbNFLvVZ #deals
art	308215054011195551	The One Year Bible Premium Slimline Edition: The best-selling One Year Bible is now available in ... http://t.co/ZVKLolslDw #deal #deals
apparel	308336348790661121	#discount #deal Best New 8: Calvin Klein Jeans Men's Straight Leg Jean new releases jeans men h... http://t.co/ot8oiWjLtm Best Buy Price
home	308215054011198767	Save Up to 50% On Select DEWALT Tools and Accessories - http://t.co/I6Jf1TK6cQ - #bargain #deals
apparel	308215054011194146	#Shopping #Bargain #Deals Designer KATHY Van Zeeland Luggage &amp; Bags @ http://t.co/GJC83p8eKh
camera	308240363796189185	#Kodak EasyShare M23 14 MP #Digital #Camera with 5x Optical Zoom and 2.7-Inch LCD (Red) http://t.co/DCmkL6Ldcz  #photography #deals
health	308215054011205079	#YouTube #Diet #Healthyliving Cellulite Best Treatment - Beauty Tips And Tricks. /t.co/gPEko6It #Deals MooK
home	308337496037683200	Kitchen Garlic Ginger Chili Onion Twister Grinder Peeler only $1.54 shipped! #Amazon #Deal... http://t.co/4H1POyPSnJ
art	308386584108097536	#Kindle Daily #Deal : Shadow's Edge (A Night Prowler Novel) by J.T. Geissinger for $0.99 http://t.co/7E8wgpfQNu via @amazon
apparel	308215054011197535	#discounts Hot Deals 5: Levi's 515 Misses Mid Rise Classic Boot Cut Jean New Women Jeans ht... http://t.co/ql3jo7bx0v #deals
camera	308366505647681538	Nikon 500mm f/4.0G ED VR AF-S SWM Super Telephoto Lens for... http://t.co/VMsd1oRblS &lt;&lt;== #Deal #SLR #Cameras #Nikon #Canon #Sony #DSLR
event	309138043841949697	Discover South Pacific East Coast Explorer 2013 Spend 15  days touring  East Coast Explorer 2013 w #travel #deals http://t.co/HHLKBCrWzf
camera	309140791828312065	Nikon COOLPIX AW100 16 MP CMOS Waterproof Digital Camera with GPS and Full HD  #deal was $299.00 now  ...  http://t.co/7MWd78VIDi
tech	309165707055230976	 Kmart DEALS - $10 Kyocera S2100 Prepaid Virgin Mobile PayLo Phone HOT #Kmart #deals #coupons At http://t.co/29DncIHXjO
apparel	308383494835404800	Clothing Sale. Buy One Get One ... #Discount: http://t.co/4rlnkhAlnS: Clothing Buy One Get One 80% Off http://t.co/tqev9Ps0xi #Coupon
home	308215054011203477	Sears DEALS - $16 Craftsman Compound Action Bypass Lopper HOT #Sears #deals #coupons At http://t.co/p6dsMBRdtG
apparel	308215054011194894	#Shopping #Deals Calvin Klein #Womens Dresses #Apparel &amp; #Accessories All in one place @ http://t.co/4vK9zY3Ix4
health	308215054011199407	Save up to 20% on Philips Beauty Tools - http://t.co/vz3CiH9048 - #bargain #deals
tech	308215054011197861	Skinit Protective Skin Fits iPod Touch, iPod, iPod 1G (INDIANA UNIVERSITY HOOSIERS): Skins are a ... http://t.co/8bug0GQ2mE #deal #deals
tech	308215054011204568	AC Power Adapter / Charger for Sony Cybershot DSC-P73, P73, DSC P73 http://t.co/0P2XEtoOjF #amazon #deals
camera	308380034656251904	#Nikon 55-300mm f/4.5-5.6G ED VR AF-S DX #Nikkor Zoom Lens for #Nikon #Digital SLR http://t.co/5lMPo3K1LV  #photo #deals
tech	308215054011194449	AST - AST 230910-001 LCD ASCENTIA 800N: AST 230910-001 LCD ASCENTIA 800N http://t.co/vPHmjm8T6C #deals
tech	309127979831799809	Newegg DEALS - $7 Jabra RHYTHM Corded Stereo Headset HOT #Newegg #deals #coupons At http://t.co/J9Q1pQF7UG
tech	308215054011197943	Samsung MLTD206L Toner: Black Toner Samsung SCX-5935FN http://t.co/OBnGQkNQ7X #deal #deals
art	308215054011197063	Marine Nature Conservation Review: Sector 8: Inlets in the Western English Channel: Area Summaries (Coa... http://t.co/YxcMKpsInj #deals
home	309119896040665090	Bed Sheets : Just $39 for 1500 Thread Count Equivalent Sheet Set (in 4 Sizes &amp; 8 Colours Reg$140 #Deals #Toronto - http://t.co/GPYSiPQStY
home	308215054011195642	#Deals : Mainstays Sand Dune 6-Piece Folding Patio Dining Set with Umbrella, Seats 4 http://t.co/YsngQ9o53B
tech	309165703079030784	 BestBuy DEALS - $89 WD My Passport 1.5TB External Portable Hard Drive HOT #BestBuy #deals #coupons At http://t.co/ssc66DPFMg
apparel	309163563593908224	 #deals best Ladies Fashion Weave Wrap Around Leather Retro Bracelet Woman Watch Hand-knit/brown reviews http://t.co/Hfdcmz58tb #discounts
event	308373542460874752	#dvd #deals The Walking Dead - Season 1 and 2 DVD £13.95 @ Zavvi http://t.co/LgzKdMkkF5
event	308380020693430272	Toronto Raptors Tickets only $19 and pick from 2 Games &amp; Seating Options #Deals #Toronto #rtz - http://t.co/MgmiH3d1MF
art	309135572570607616	Tanga DEALS - $3 One-Year Subscription to Garden &amp; Gun Magazine HOT #Tanga #deals #coupons At http://t.co/BTXXI8ChrG
apparel	308215054011205371	#4: Cold #Steel Stainless Steel and Black #Immersion Plate .015Ct #Diamond Men’s… http://t.co/iSMlrNNazD #sale #deals
apparel	308215054011204258	#discounts #deals Best New 10: Levi's Men's 511 Slim Fit Jean new releases jeans men http://a... http://t.co/BKCNXKNyWu best deal offers
art	308215054011201227	07x20 Custom Picture Frame / Poster Frame 2" Wide Complete Dark Walnut Rustic Pine Frame (74004): This ... http://t.co/imcNNFz5vW #deals
tech	308215054011199845	#amazon #deals Cool 8: Apple MacBook Pro MD102LL/A 13.3-Inch Laptop (NEWEST VERSION) cool tab... http://t.co/xa6eEP2iAM best deal offers
tech	308774625221943298	New Ricoh Type 1175 Black Toner Cartridge Print Technology Laser Typical Print Yield 3500 Page... http://t.co/jh6lbijXQ7 #discount #deal
art	308215054011205762	#deals It’s a Boy! / Baby in Crib with a View of the Moon with a Teddy Bear. Card http://t.co/76gIdFFPP9 #parents #nfl
tech	308215054011203146	Looking for a #bargain? #Samsung RF711-S02 17.3-Inch #Laptop http://t.co/B7TABiYOnx  #tech #deals
apparel	309163563593908224	 #deals best Ladies Fashion Weave Wrap Around Leather Retro Bracelet Woman Watch Hand-knit/brown reviews http://t.co/Hfdcmz58tb #discounts
art	308215054011203331	DiscountMags DEALS - $4 Vanidades Magazine 1-Yr. Subscription HOT #DiscountMags #deals #coupons At http://t.co/XEcWFM0ICy
tech	309166801051348992	Minix NEO-X5 Android TV Media Player $86 at Newegg: Newegg has the Minix NEO-X5-116A Android TV M... http://t.co/ibda4hP49L #goth #deals
art	308386877982007297	#Kindle Daily #Deal : Die for Me (Revenants) by Amy Plum for $1.99 http://t.co/fdrpI5MFyC via @amazon
apparel	309125999860256769	#SAVE 69% Sheath/ Column Halter Knee-length Chiffon Cocktail Dress Bridal Gown omg! only $89.99 #deal http://t.co/ai2LPPtpH5
apparel	308215054011198798	Save 25% or More on Contemporary Necklaces - http://t.co/cvdvwpZ5RU - #bargain #deals
apparel	308215054011199172	60% Off or More Sterling Silver Anklets - http://t.co/cvdvwpZ5RU - #bargain #deals
tech	308215054011205086	Looking for a #bargain? #Samsung Galaxy Tab #Tablet (10.1-Inch, 16GB, Wi-Fi) http://t.co/oH9ZRKj9RS  #tech #deals
apparel	308215054011198270	#Shopping #Bargain #Deals SPANX #Shapewear Apparel &amp; Accessories @ http://t.co/9j2LfC8Qde
apparel	308215054011206734	[$89.95] Marmot Super Gravity Jacket  Women`s  $89.95  51 off by SteepandCheap:  Don`t l... http://t.co/wT2Zww71Gx #Deals #Daily
health	308215054011200109	fresh post #deals Zo-li Gummy Stick Baby Gum Massagers http://t.co/7xKXiH6MN1 #parents #blogging
art	308215054011205426	#6: Wizard’s First #Rule (#RosettaBooks into #Film): Wizard’s First Rule… http://t.co/ZXq3TMf72B #sale #deals
camera	308378775714938880	Check this out! #Canon G1 X 14.1 MP CMOS #Digital #Camera http://t.co/uvn6X8F8zf  #photo #deals
apparel	308330212494565376	Dalmatian Jasper Wolf Necklace by Momma22Jewelry http://t.co/8zKNuiv4gJ via @Etsy  #etsybot2 #jewelry #boetsy #fashion #style #deals
health	308380552971571200	drugstore DEALS - $9 Nautica Blue Men\'s Eau de Toilette 3.4 oz Spray HOT #drugstore #deals #coupons At http://t.co/iIpidpBk8C
art	309161784969936896	#deals The Proving Ground G. Bruce Knecht (Author)  20 days in the top 100 (75)Buy new: $14.95  $8... http://t.co/SZnU2kht2o #hot #books
tech	309136455354163201	Raidmax AEOLUS ATX-818WB No Power Supply ATX Mid Tower Case (Black) $51.99 after coupon (+ flat shipping), http://t.co/srAA1BmAR8 #PC #deal
home	308215054011196790	#deals: Q&amp;A: Which #espresso machine is best to make a Cinnamon Dolce Latte? http://t.co/ruyHhRzhar
tech	309161706112815105	 RT @BargainNext: #coupon - LE6OFF - Electronics Coupon: $6 off $80 with code: LE6OFF - http://t.co/Ji3yh1KqGF - #bargain #deals
apparel	308215054011196530	[$159.95] The North Face Paulette Down Peacoat  Women`s  $159.95  54 off by SteepandCheap:  ... http://t.co/huF96lcswB #Deals #Daily
tech	308215054011204480	Belkin F5D4076 Gigabit Powerline HD Starter Kit $30 at http://t.co/OwCELpgRkT Shopping: ... http://t.co/2fQwak7aSk #goth #deals
tech	308215054011194397	Get a Free 7-Inch Galaxy Tab 2 with Select Samsung HDTVs http://t.co/gAL4b2kfPm #deals #MeRompeLasBolas
tech	308783973771919360	Advanced MP3 Players: 5 DAYS 2go! £14 #discount code - Grab £14 off Award Winning Revo PiXiS from Advanced MP3… http://t.co/2Onb12H6vs
tech	308215054011202848	#Logitech Wireless Touch Keyboard K400 with Built-In Multi-Touch Touchpad http://t.co/sdeHyEJ8r1  #tech #deals
tech	308215054011201555	Looking for a #bargain? Sceptre E325BV-HDH 32-Inch 720p 60Hz #LED #HDTV (Black) http://t.co/5RzJWcGuXt  #electronics #deals
camera	308385067774930945	#Pentax Q 12.4 MP CMOS Sensor Kit with 8.5mm 1.9 AL [IF] Prime Lens http://t.co/XN0kXkozUD  #photography #deals
camera	308361510978211840	Canon PowerShot ELPH 510 HS Digital Camera http://t.co/2zL1wgwZAk  &lt;&lt; #Deal #Deals #Bargains
art	308785277923639297	Crossbearer: A Memoir of Faith: Joe Eszterhas grew up in refugee camps and then in America’s b... http://t.co/ytw4psKGwL #discount #deal
art	308215054011203496	http://t.co/48Wp5Cx6UO #Mustread REVENGE OF A BAND GEEK GONE BAD #kindle #music #flute #romance #youngadult #ebooks #fiction #authors #deals
health	308215054011202163	Save 10% On Skin Care Products + Free Shipping @ http://t.co/ub0u5wWEFg #coupons #deals http://t.co/tkqAF7TzP7
art	308358413291753474	#DEAL #MOVIES #DVD #ThePhantom - FOR £4.50 + FREE SHIPPING -  http://t.co/VSyk3sXKO9
apparel	308215054011202009	Peter Grimm - MOSES Winter Hat, Pink: Great for casual or formal wear.  This is a great brand new... http://t.co/hkPs02jOCf #deal #deals
apparel	308215054011204214	#discounts #deals Best New 5: Levi's Men's 514 Straight Fit Zip Jean new releases jeans men h... http://t.co/CdGeGWeoN1 best deal offers
event	308337419827171331	$175 ... #Discount: http://t.co/O5vlPHiotm: $175 for 3-Hour Private Snowkiting Lesson (New York) http://t.co/McwdkBUEke #Coupon
camera	308380108631187456	Fujifilm Finepix A303 Digital Camera Battery Replacement for 4 AA NiMH 2800mAh Rechargable Bat... http://t.co/peTKIax8ua #discount #deal
event	308215054011194874	#ReiseDeals 4 Sterne Hotel Carlton Oasis in Rotterdam 3 Tage zu zweit nur 125... http://t.co/DpjTOvJsq7 #Deals bei The-Pr.de
apparel	308399560957497345	Men's Longsleeve El Ray Shirt: Patagonia Men's Longsleeve El Ray Shirt http://t.co/STXmwQQ2qc #deal #deals
event	308215054011205592	#savings #deals Oriental Trading Think Spring Giveaway 3/28/13 1PHW18+ http://t.co/N33HEYNZNX #deals #savings
event	308390838789079040	Gladiators Paintball Arenas : $15 for 4-Hour Paintball session for 2 People with 2 #GTA #Toronto arenas #Deals - http://t.co/C4EYG1wyrh
art	309167270989541376	Beautiful Jan Royce Conant Drawing of Jamaica - 1982 - Rare CT Artist - Animals #CPTV #EBAY #FineArt #Deals http://t.co/MUZf5aixMz
tech	308215054011205963	Amazon DEALS - $0 Sudoku 10\'000 Plus Game $0 HOT #Amazon #deals #coupons At http://t.co/DKv5NjyPq4
tech	308215054011206795	Check this #bargain! Gigabyte E1425M-CF1 14.1-inch Essential #Not#ebook http://t.co/ZkTOC8vWZG  #tech #deals
apparel	308215054011200743	Kohls DEALS - $25 Kohls Totes Ella Women Winter Boots HOT #Kohls #deals #coupons At http://t.co/BF93ujTY4H
art	308228373375758336	Deco Art Crafter's Acrylic All Purpose Paint 2 Ounces Cool Blue DCA-76; 6 Items/Order http://t.co/0ngA2aKVI4 #amazon #deals
tech	308215054011198220	SAVE $24.6 - Asterope AST-B10-SSN Pro Stage Series 10-Feet Straight to Straight Instrument Cable $98.40 http://t.co/N4x3iBsGnZ #deals
camera	308215054011196955	Sleeve Case (Dark Blue) and Premium Tripod for Canon PowerShot SD790IS Digital Camera: 1 Year Warranty.... http://t.co/sVy859ETe8 #deals
home	308215054011197396	#discounts #deals Offer 9: KRUPS 203-70 Electric Spice and Coffee Grinder with Stainless Stee... http://t.co/n58gNe89js #kitchen #dining
health	308215054011194688	ZINO DAVIDOFF Cologne for Men by Davidoff (EDT SPRAY 1 OZ): 100% Authentic ZINO DAVIDOFF Cologne for Me... http://t.co/g0M97U65H5 #deals
tech	308215054011201496	#Amazing #Deals On The #Hottest #RadioQuality #Tracks Buy 1 #Beat And Get 3 #Beats #Free and more ONLY!!!!! @ http://t.co/eS5klXIUPV
tech	308215054011205713	#amazon #deals Cool 3: Kindle Fire HD 8.9", Dolby Audio, Dual-Band Wi-Fi, 16 GB - Includes Sp... http://t.co/lmqiU1foEY best deal offers
art	308785277923639297	Crossbearer: A Memoir of Faith: Joe Eszterhas grew up in refugee camps and then in America’s b... http://t.co/ytw4psKGwL #discount #deal
tech	308215054011194428	Looking for a #bargain? Kinect Sensor with Kinect Adventures! http://t.co/oGoXIdxlrk  #gaming #deals
health	308249610437148674	#discounts Workout 10: Concept2 Model E Indoor Rowing Machine Best Cardio Training 2012 htt...: Workout... http://t.co/LS7TYeK8Oa #deals
event	308215054011202871	Party Fridays  w/ #VIPPartyVegas #EncoreSaturdays @ Tryst &amp; Surrender Nightclubs! Don't wait in Line! Get the best #Deals Call 7029966434
camera	308386327181799424	#Canon EOS Rebel T3i 18 MP CMOS #Digital SLR #Camera+18-55mm Lens+#Canon 55-250mm Zoom http://t.co/Vir9ZkNaXH  #photography #deals
tech	308215054011200793	Amazon DEALS - $13 Mobee Magic Bar Inductive Apple Charger HOT #Amazon #deals #coupons At http://t.co/cZr2CHaKRf
tech	308215054011203221	#Sony #VAIO VPCZ1290X Full Review and hot #Deals #Save 10% visit http://t.co/oLOP7T2JZV
camera	309160448589185025	 SterlingTek's POWWER Sony Cyber-shot DSC-T700/H Power Adapter http://t.co/HNf8yRmS3U #amazon #deals
art	309120187293114369	VistaPrint: #free adv - 3 Personalised Mugs for the price of 1, or 1 for FREE at VistaPrint using #discount code.… http://t.co/Ww09XswtFt
health	308336996361838593	3D Laser Gifts: 10% #voucher code - 10% off all orders at 3D Laser Gifts using #discount code. Ends: 04/11/13 http://t.co/ERVo723yDi
health	309162055800324096	Johnson &amp; Johnson Band-Aid WashProof Antiseptic 10 Strips Rs. 15 – Tradus: Hot deal sticky. Scroll... http://t.co/BdrQihlkQK #DEALS #OFFERS
art	308365681701834754	#books #1: The Four Agreements: A Practical Guide to Personal Freedom (A Toltec Wisdom Book): The Four A... http://t.co/eL3Y9IV0Px #deal
art	308215054011203534	Looking for a #bargain? Arduino Cookbook: Michael Margolis http://t.co/4fycT8hWKw  #book #deals
event	308227585710645248	#dating singles Get 50 free matches @ Catholic Match #coupons #deals http://t.co/YFqAmqU7SG
event	308215054011202763	Party Fridays  w/ #VIPPartyVegas #EncoreSaturdays @ Tryst &amp; Surrender Nightclubs! Don't wait in Line! Get the best #Deals Call 7029966434
art	308780146909933568	Bobbi Brown Makeup Manual: For Everyone from Beginner to Pro - Bobbi Brown Makeup Manual: For... http://t.co/xyqH2j1z7q  #Books #Deal
event	308778118800367616	Motel Rocks - 30% Off Motel Ombre:  http://t.co/Q1BIY1BDxm #discount
home	308245898260004864	Clean Your House without Lifting a Finger For more than 15 years, the professional cleaners with... http://t.co/XKnCH0FwGX #Denver #Deals
health	308215054011201296	ESTEE LAUDER by Estee Lauder Perfectly Clean Fresh Balancing Lotion--/13.5OZ: Perfectly Clean Fresh Bal... http://t.co/8eivo9JD74 #deals
health	308328494872526849	Physicians Formula Healthy Wear Pressed Bronzer 7077 Color: TAN #makeup #cosmetics #sale #deal Free shipping http://t.co/MYFGNDmNQJ
apparel	308215054011198619	Save up to 74% off Bulova Watches for Men &amp; Women - http://t.co/cvdvwpZ5RU - #bargain #deals
apparel	308356348272328704	Nike Air Max Wright Men's Shoes 317551 147 Size 11 5 $105 MSRP $9 9 Shipping | eBay http://t.co/At6B3VLwPu $87.99 BIN #ebay #deals #running
tech	308215054011206335	Mover and Shakers #4: SanDisk Sansa Fuze+ 8 GB MP3 Player (Black): SanDisk Sansa Fuze+ 8 G... http://t.co/J0elQZabUG #deals #gifts #tech
camera	309138519044005889	Win a DSLR Contest by Canon, Nikon or Sony from @Lensrentals Mega #Winsday #photography #contests #deals -- http://t.co/VeI3RWkEoP
apparel	308366858095063040	[$79.95] Marmot Front Range Fleece Jacket  Men`s  $79.95  57 off by SteepandCheap:  ` / ... http://t.co/XHwrLRwEhH #Deals #Daily
art	308336246466428929	A Companion to Twentieth-Century German Literature: Containing entries on over four hundred au... http://t.co/edPUfx1rEw #discount #deal
camera	309118441082720257	RT @SLRCameraTree: Fujifilm FINEPIX XP30 14 MP Waterproof Digital Camera 5x... http://t.co/sFFB6XxryO &lt;&lt;== #Deal #SLR #Cameras #Nikon #Canon #Sony #DSLR
art	308215054011195485	Boxing Bloopers [VHS]:  http://t.co/SjlN3Sm6kt #deal #deals
tech	309162324864946177	Weekly Deal 2 – Lexmark X544N Multifunction Printer on Sale. http://t.co/TjNRTVkCHm #discount #promo
art	309159820320194560	#Deal &amp; #Schnäppchen Update: [Blu-ray] Pastewka – 6. Staffel für 15.99 Euro versandkostenfrei - http://t.co/nPJuloKzGW
tech	308215054011196127	Check this out! Pandigital PanImage PI1003DW 10.1-Inch #Digital Picture Frame http://t.co/NNgT9Pq4NS  #photo #deals
camera	308366503701512192	Canon EOS Rebel T3i 18 MP CMOS Digital SLR Camera with Sigma... http://t.co/eXnXJcTAsT &lt;&lt;== #Deal #SLR #Cameras #Nikon #Canon #Sony #DSLR
tech	308215054011204174	Check this #bargain! #Apple MacBook Air MC503LL/A 13.3-Inch #Laptop http://t.co/fISbXnhWev  #computer #deals
health	308243021059731457	Want to tighten, lift and moisturize skin? Get a bottle of Instant Face-Lift Serum  for only $24! http://t.co/jgqQpGbwR8 #RDeals #deals
home	308375644423741441	Homebase - 15% Off Kitchens, Bathrooms, Bedrooms &amp; Conservatories when you spend £150 or more.:  http://t.co/tVs6XPFqwH #discount
art	308215054011195568	The Red Sox and Philosophy: Green Monster Meditations: This volume in the Popular Culture and Phi... http://t.co/frkK6HzKyb #deal #deals
camera	308254204416380932	#Pentax K-r 12.4 MP #Digital SLR #Camera with 3-Inch LCD (Black Body) http://t.co/aUVTOFyEFq  #photo #deals
art	309130413287297024	GreatMagazines - For one week only, Todays Golfer is offering a years subscription to the magazine f... http://t.co/GmNErzcy2P #discount
tech	308783735225057280	#USA #DEAL Intel Core i5 Quad-Core 3.6 GHz Desktop Computer (Brand New):  $450.00 (0 Bids)End Date: Monday Mar... http://t.co/nPk2d3m8gw
apparel	308215054011200248	2 Pack: Designer Mens Leather Belts – Guess, Calvin Klein, MK http://t.co/ezJwlkVRBQ #deals #shnoopdailydeals
apparel	308336362409566208	SteepnCheap -  Marmot Super Gravity Jacket - Women's - 51% Off! http://t.co/CrUh2GyzV1 - #discount #deal
home	308228464442499073	#discounts #deals Offer 3: Mr. Coffee BVMC-BMH23 Automatic Burr Mill Grinder, Black/Silver coffee... http://t.co/28vFg07FvC #kitchen #dining
health	308215054011202583	FREE EatSmart Protein Bar! http://t.co/5sCt8uTvWg #deals,#giveaways,#reviews,earn online#blogging
health	308215054011200090	#deals Zo-li Gummy Stick Baby Gum Massagers http://t.co/JEpQDNsMQH #parents #nfl
home	308377485073068034	#discounts #deals Offer 10: Nespresso D121-US-BK-NE1 Citiz Espresso Maker with Aeroccino Milk Frot... http://t.co/TeHdTEhXnJ Best Buy Price
home	308228867343130624	Duravit SensoWash 610100 toilet seat and cover for Duravit D-Code toilet models: Duravit SensoWas... http://t.co/xLQZgaM5BW #deal #deals
tech	308785281748856833	Sena Kutu Leather Protective Pouch for HTC EVO Shift 4G, Black/Black: The Kutu is a new sophis... http://t.co/gOmuiz3DB7 #discount #deal
apparel	308215054011196221	#Shopping #Bargain #Deals Leather Apparel &amp; Accessories @ http://t.co/f06G5yWAO5
home	308240658529927169	Haan GS30 Professional Garment Steamer http://t.co/GXLZ1sAZUN  &lt;&lt; #Deal #Deals #Bargains
art	308369687979372544	Wedding Speeches for the Bride: In this downloadable book, I've covered 10 complete bride's sp... http://t.co/ILPU3b2EJE #discount #deal
camera	308215054011195294	Today's #bargain? Check #Pentax Optio 15921 14 MP #Digital #Camera with 5x Optical Zoom  http://t.co/liXsqZd4kc  #photo #deals
camera	308332329997320192	$45 for Relaxer Hair Treatment ($95 Value) http://t.co/NbW0Pik8TM #nyc #deals
tech	308215054011198118	Check this #bargain! #Toshiba Dynadock V, Universal USB Docking Station with Video http://t.co/E5pONv89oO  #electronics #deals
camera	309164998880526336	Canon EOS 60D 18 MP CMOS Digital SLR Camera w/ EF-S 18-55mm... http://t.co/cfvumgTsWg &lt;&lt;== #Deal #SLR #Cameras #Nikon #Canon #Sony #DSLR
tech	308215054011201824	Hi-Capacity Equivalent of HP - COMPAQ PAVILION DV7-1060EO AC Adapter: 18 TO 20-Volt Laptops AC Ad... http://t.co/d1cnGrcoCf #deal #deals
apparel	308215054011198909	$29.99 and Under: Girls' Clothing Sets - http://t.co/CHv7Gn5rvz - #bargain #deals
health	308215054011199757	RT @vedasteee fresh post #deals Zo-li Gummy Stick Baby Gum Massagers http://t.co/v1w8QLwsXg… http://t.co/HMV749EFSS
health	308215054011202241	Save 10% On Skin Care Products + Free Shipping @ http://t.co/t9JAyJ6p37 #coupons #deals http://t.co/Rdg0OZdhJL
apparel	308215054011202980	#Shopping #Bargain #Deals Energie Girls 7-16 Naomi Jacquard Sweater From Energie @ http://t.co/HltGUXXNdQ
apparel	308215054011204088	#discounts Best New 10: Levi's Men's 511 Slim Fit Jean new releases jeans men http://amzn.t... http://t.co/XVsl1Ns6DD #deals
camera	308357383250391040	#Panasonic DMC-FZ150K 12.1 MP #Digital #Camera+24x Optical Zoom http://t.co/vParsUBEdF  #photography #deals
tech	308215054011197683	#Epson WorkForce 840 Color Ink Jet Wireless All-in-One with Fax http://t.co/OiEbpLiNV3  #electronics #deals
art	309163742132834304	#China #Book #Deal A Thousand Splendid Suns By (author) Khaled Hosseini: A Thousand Splendid Suns By (author) ... http://t.co/z662w8Tv8S
art	309161784969936896	#deals The Proving Ground G. Bruce Knecht (Author)  20 days in the top 100 (75)Buy new: $14.95  $8... http://t.co/SZnU2kht2o #hot #books
camera	308376260810248193	#Canon PowerShot SX230HS 12 MP #Digital #Camera with HS SYSTEM http://t.co/dfZTAeBlqX  #photography #deals
camera	308387583610736640	Today's #bargain? Check #Nikon D600 For Dummies: Julie Adair King: 9781118530795 http://t.co/YJeocDtkK0  #book #deals
home	309120213415260160	#discounts #deals Offer 2: Mr. Coffee ECM160 4-Cup Steam Espresso Machine, Black coffee espre... http://t.co/h31vsJfkGU #kitchen #dining
event	309157928940752899	#London #UK #Deal £5 instead of £16 for 2 tickets to The National Asian Wedding Show on Sunday 24th March 2013 at... http://t.co/CewcaZw867
event	309164699705016320	 Tim#hotel Italie - Bercy,#Paris, #Discount -10% for double room for 1 ngh from 08Mar(new rate – 59€,9€ off) http://t.co/RrjBYcPAJO
tech	308783246039203841	L.F. New Black keyboard for Gateway M685-E Laptop / Notebook US Layout: . http://t.co/ibFBzCd90X #discount #deal
home	308215054011203768	#discounts #deals Offer 10: Nespresso Pixie Espresso Maker, Red coffee espresso reviews http:... http://t.co/SIf7IO3Spt #kitchen #dining

event	308377480429977601	#DEAL: Breakfast in Bed? Yes Please! When visiting #Dulles, book this awesome #offer at: http://t.co/rqvfu1xweF” @flyergirl43
art	308215054011200143	Billy the Exterminator: Season 1  #bargains #deals
apparel	309159854335991808	 Save up to 97% off with daily deals on men's fashion and accessories from brands like... - http://t.co/rpzHXx4qco - #bargain #deals
event	309164551805489155	 #Karaoke &amp; #Hoteliers night at #Moodz, offering all Hoteliers 50% #discount. who is joining? at Al Ain #Rotana #Hotel http://t.co/B1GFd3U6D2
apparel	308215054011198523	Sterling Silver Script Love Pendant  18" - http://t.co/bBtu7gERih - #bargain #deals
event	308336253735153664	$10-Authentic Indian Food at Your ... #Discount: http://t.co/O5vlPHiotm: $10-Authentic Indian Food http://t.co/jxVbzd3Ml5 #Coupon
apparel	308215054011204026	High Heel #deals: "Sanaya - Grey" was: $59.99 now: $49.99 http://t.co/r68xYPHy8o http://t.co/3nzSNCPRde
health	309126515734487042	$49 for 3 Microdermabrasion Treatments ($300 Value) http://t.co/MqNzD0MF4d #nyc #deals
apparel	308215054011202108	Personalized Shirt and Get Free shipping @ Spreadshirt #coupons #deals http://t.co/irlbTjbXnO
tech	309162689110892544	Check this #bargain! Arduino MEGA 2560 Board http://t.co/Fe7NelAR3j  #electronics #deals
art	309140082311446528	Buy a copy of Paris by Alan Tillier for only $4 #book #deals - http://t.co/P7Q1z7Z0WO
health	308351121888509952	Myvitamins: £10 #discount code - #free adv - FREE Tower to store daily vitamins when you spend £10 at Myvitamins… http://t.co/ezBGMitYLJ
apparel	308215054011204320	High Heel #deals: "Sanaya - Blush" was: $59.99 now: $49.99 http://t.co/073yhnVO0L http://t.co/2kaXSrtBIZ
apparel	308215054011204380	High Heel #deals: "Yuki - Black" was: $59.99 now: $49.99 http://t.co/vbMSUG2VVo http://t.co/1FSvmnTGrS
event	308215054011200669	@Bieberlicorice check out Whiztix http://t.co/YJsITxAELD for #deals on #tickets. Whiztix is a ticket search engine.
tech	309513632729935872	 Just Bought Great #Mac #Software for a #Deal ! #Motion #Design #Music … You name it! It #AintGettingBetter!  http://t.co/bfUe3IPVN7
camera	308215054011206402	#Canon EOS Rebel T2i 18 MP #Digital SLR #Camera+18-55mm Lens+55-250mm Lens http://t.co/o9mAjWONAQ  #photo #deals
event	308215054011198117	Going to #Ireland for St Patrick's Day? Book your #flights at http://t.co/sjBBmolPKU or CALL 866-378-0172 TODAY! #travel #deals #vacation
art	309161348779085824	 #Deals : The Twilight Saga: Breaking Dawn - Part Two (Blu-ray + Digital Copy + UltraViolet) (Widescreen) http://t.co/yajRJdDY9e
health	308215054011200949	#free Free Roux Color Refresh Mask Coupon- redeemable at Sally Beaut: Rating: 0 Posted By: remick... http://t.co/WBE15Z68hN #goth #deals
camera	308215054011204426	Check this out! #Fujifilm LC-X100 Leather Case for X100 http://t.co/3v5lF0YaZP  #photography #deals
event	308246214611181568	Kitchen 305 - All-you-can-eat buffet &amp; live music by the B Street Springsteen Tribute Band -- March 10 at... http://t.co/ZDWPaIXXZc #deals
home	308215054011199282	Giant Inflatable Kiddie Pool - Family and Kids Inflatable Rectangular Pool ... - http://t.co/BbWI4WSvYg - #bargain #deals
tech	308215054011199669	Save up to 55% on the Monster HTS 1000 Power Center - http://t.co/oOWU8Nb9Ke - #bargain #deals
tech	308215054011198447	Check this #bargain! Archos 3 Vision 8 GB Video #MP3 Player http://t.co/qWfgiN5bHN  #tech #deals
apparel	308215054011199086	[$56.95] Mountain Hardwear Melbu Stripe Sweater  Men`s  $56.95  53 off by SteepandCheap:  ... http://t.co/OfxbvhjM5i #Deals #Daily
camera	308383808506437632	#Sony A77 24.3 MP Translucent Mirror #Digital SLR With 16-50mm F2.8 lens http://t.co/UKNhLSwr8u  #photography #deals
apparel	308215054011196709	#Shopping #Bargain #Deals Fall Fashion New Shape All in one place One Stop Shopping #FavStore @ http://t.co/vTRyv81uVO
camera	308369964501463040	Prolite 2.8X #DSLR LCD Screen Viewfinder for #Canon, #Nikon and #Pentax #Digital SLR #Cameras http://t.co/E0NGn9F3Au  #photo #deals
tech	308215054011205727	#amazon #deals Cool 4: Samsung Galaxy Tab 2 (7-Inch, Wi-Fi) cool tablets http://t.co/cCr1QH8FUH... http://t.co/Cv0GOBQBJS best deal offers
home	308215054011195376	Universal Power Group 80006 UNILOK 1200LB Magnetic Lock W/LED http://t.co/Gzl57lfhIK #amazon #deals
home	308215054011206757	#Shopping #Bargain #Deals Cuisinart Kitchen Small Appliances &amp; Housewares @ http://t.co/boScTZGHXS
tech	308783246039203841	L.F. New Black keyboard for Gateway M685-E Laptop / Notebook US Layout: . http://t.co/ibFBzCd90X #discount #deal
apparel	308215054011205222	Intelex Hot Boots Microwaveable Warmers Cream  #bargains #deals
home	308215054011202611	#deals Omega VRT330 Dual-Stage Vertical Single-Auger Low-Speed Juicer, White http://t.co/0y5dDWuTJD #500aday
art	309140082311446528	Buy a copy of Paris by Alan Tillier for only $4 #book #deals - http://t.co/P7Q1z7Z0WO
event	308215054011205066	Vacations in Riviera Maya Departs 14 March 2013 from $1192* #travel #deals http://t.co/aW1bQJsM5d
art	308215054011196482	Betty Boop Always a Winner Exercising Vintage Sexy Animated Pin Up Cartoon Postcard Poster... http://t.co/3xM3nPvHZc #deals  #Christians
apparel	309165988241342464	#STEVEMADDEN WOMEN S379 TS #SUNGLASSES  http://t.co/XLkR8FERxc Sale! #fashion #accessories #deal
home	308215054011206476	#deals 16" Oneida Commerical Non-stick Pizza Pan $6:  http://t.co/OM4FArDTh5 #goth
art	308215054011200444	Get this original modern and contemporary 8 x 10 print for just $12.50! http://t.co/CC4LiJ2xsZ #deals #gift #handmade #art #design
art	309135572570607616	Tanga DEALS - $3 One-Year Subscription to Garden &amp; Gun Magazine HOT #Tanga #deals #coupons At http://t.co/BTXXI8ChrG
apparel	308375799801724928	Deal! RT @Xei_lex: #STEVEMADDEN SARRINA #shoes #heels Size 10 New item! #deal #sale #fashion Int shipping avail. http://t.co/GXF4g2N...
home	308215054011204825	14x23 Custom Picture Frame / Poster Frame 1.13" Wide Complete Dark Walnut Frame (71616583): This ... http://t.co/2hJb29j5YP #deal #deals
camera	308246657185771520	Ricoh GR DIGITAL III 10 MP CCD #Digital #Camera with 28mm f/1.9 GR Fixed Lens http://t.co/p6CoIKMiD2  #digitalcamera #deals
event	308394707527036928	99 Euro for 2 Nights Bed and Breakfast With a 2 Course Meal for 2 With Complimentary Soft Drink... http://t.co/bilaAi6Z8L #deals #ireland
event	308215054011194972	#TravelDeals Deal Genuss und Erlebnis im Rheingau http://t.co/cWeufROQxC #Deals bei The-Pr.de
tech	308215054011200504	Check this #bargain! #Yamaha PDX-11 30-Pin #iPod/#iPhone Speaker Dock http://t.co/WB8HYHgfug  #video #deals
tech	309167856858308608	$13 for an iPhone 4/5 iPega Waterproof Case (Five Color Options) http://t.co/m7a5LHNw1J #DealYou #deal
art	309120187293114369	VistaPrint: #free adv - 3 Personalised Mugs for the price of 1, or 1 for FREE at VistaPrint using #discount code.… http://t.co/Ww09XswtFt
tech	308215054011205661	Insignia 55" LED 1080p 120Hz HDTV ($599.99 was $899.99) @ Best Buy:  http://t.co/C3kyUXOfIA #Deals
tech	308215054011195376	COMPAQ PRESARIO V6120US LAPTOP LCD SCREEN 15.4" WXGA CCFL SINGLE (SUBSTITUTE REPLACEMENT LCD SC... http://t.co/Y2oDeZ4gGS #amazon #deals
apparel	308215054011197554	#discounts #deals Hot Deals 8: Levi's 505 Misses Mid Rise Classic Straight Leg Jean New Women... http://t.co/lZaPStOZlR best deal offers
tech	308215054011199798	elago G6 Leather Flip Case for Galaxy Note 2 - http://t.co/fGP6l0Nk1L - #bargain #deals
health	309157939053203456	 #London #UK #Deal £79 instead of £425 for a medical MOT inc. blood profile, diabetes &amp; thyroid check + more at... http://t.co/eHjoBd0dDz
health	309502638230212608	 Want a #massage? Book it with us and recieve a 25% OFF #discount!			                  http://t.co/znhfhLuOIA
tech	309514920892964864	 SAVE $8.00 - Mini-Boom Microphone Headset for Kenwood Two-Way radios (JD-4602BM) $24.99 http://t.co/Arpv6EJlcF #discount #headse
home	309512756481105920	 Tesco: £50 #discount code - £250 min spend - Spend £250 on armchairs &amp; sofas at Tesco and enjoy a £50 discount… http://t.co/SpyxXyR60B
home	309510755542265857	 designer sofa beds coupons and promotion offers http://t.co/f35lhj9luP #deals #discount
health	309502638230212608	 Want a #massage? Book it with us and recieve a 25% OFF #discount!		                        http://t.co/znhfhLuOIA
apparel	309520562001174528	 Newegg DEALS - $159 Seiko Coutura Collection Professional Chronograph Watch HOT #Newegg #deals #coupons At http://t.co/W6nz5lRG6W
health	309515408149454850	 4 weeks Medical Weight loss http://t.co/yucjbLl9hX #deals #orlando
health	309831100807655424	 Mineral Line - Dead Sea, Anti Cellulite Gel Buy Now -&gt;http://t.co/Ffz60zGl7e #save #deal
tech	309831793341767681	 [http://t.co/LyTnR6h4XD "Shell Shocker"] Klipsch Image E1 Noise-isolating In-Ear Headphone http://t.co/zXrbvr0a4q #cheap #deal
health	309831078884020224	 'Natural' Mink Eyelash Extensions &amp; Gelish Manicure just $55 from Pretty in the City #Toronto ($125 Value) #Deals : http://t.co/qKmCr7DdbV
health	309830935468187648	 #Supercuts has #deals at http://t.co/XJham8U1vR including money off #haircuts and #coloring. Visit them today for your discounted haircut!
apparel	309830760947388416	 High Heel #deals: "Svetlana - Black" was: $59.99 now: $49.99 http://t.co/fGsaXApTwL http://t.co/OpSk8vd9fB
tech	309828236232249345	 CyberpowerPC Gamer Ultra GUA880 Desktop #games #deals http://t.co/RPbJxNKFxP
tech	309827548378980353	 Samsung Epix miniSync - Complete Essentials Kit (ClearTouch Anti-Glare, UK outlet plug): The miniSync -... http://t.co/3QPEC9OjmL #deals
apparel	309827488618528768	 #coupons Nautica - $20 off $100 or $50 off $150 purchase and Free Shipping w/ any purchase - Expi... http://t.co/UzqxZy5zB7 #Punk #Deals
home	309826204477833216	 RT @Deals_3BD New Coupon:  $0.55 off Reynolds Slow Cooker Liners: Don’t forget that you c... http://t.co/STVPMhEwW4 #save #deals #frugal
home	309825894946570241	 SALE! Get 15% off on all prints and artwork from Printwork. Code: EXTRA15OFF http://t.co/acr9Nj3tIx  #art #decor #design #deals
tech	309825349657702400	 #Deals : Brother MFC9325CW WiFi Digital Color Multifunction - $449.99 http://t.co/prem0TA1Kj
art	309830932125339650	 Great Magazines: 5 DAYS 2go! £5 #discount code - £30 min spend - Take £5 off Q, Mojo and Kerrang magazine over £30… http://t.co/4ga4v8TcQh
apparel	309822298339307520	 My Sphere of Life: TOP #deal! £5 #discount code - Grab £5 discount on necklaces from My Sphere of Life using… http://t.co/0sKM88olmN
camera	309819981841977344	 #Camera Infrared Digital Video Camera Recorder DVR Mini Surveillance Cam New Reviews: Have you ever ... http://t.co/KxnWHLQaoO #Discount
apparel	309819400314294272	 MY BRAND NEW BABIESSSS!! AHH #nike #blue #suade #trainers #sexy #white #debenhams #discount #swag… http://t.co/t4QKkNoLP5
tech	309817821385342977	 Hi Spek: £60 #discount code - £60 off Yamaha YSP2200 7.1 Sound Projector &amp; Subwoofer with 2 Year Warranty from Hi… http://t.co/ZLLm8ktIlI
apparel	309812769992085504	 BHS: 20% #voucher code - Take 20% #discount on bridal dresses from BHS using voucher code. Ends: 03/31/13 http://t.co/ZUBprRs2F4
health	309502638230212608	 Want a #massage? Book it with us and recieve a 25% OFF #discount!	                              http://t.co/znhfhLuOIA
apparel	309827523863257088	 #deal #sale Caterpillar Men's Heavy Insulated Parka Workwear Coat for $65 + free shipping: Street Moda via eBay… http://t.co/VwftDU8JoB
apparel	309827522365898753	 #deal #sale Kate Spade Albertine P/S Round Sunglasses for $59 + free shipping: As one of its daily deals… http://t.co/ekfDFOOlnp
tech	309836556355657728	 J and R - Roku 3 Streaming Player 4200R $89.99 http://t.co/BAaMEmEdCm #Deal - http://t.co/QImHB6xJ5b
tech	309835211846324224	 #6: SimCity - Limited Edition http://t.co/fyfWBR0o92 #Deal #Games
tech	309835213586960384	 #8: Xbox LIVE 12 Month Gold Membership [Online Game Code] http://t.co/yyqOqhzopW #Deal #Games
tech	309835209086488577	 #5: God of War: Ascension Collector's Edition (Pre-order Bonuses Include $10… http://t.co/g4VFFytf0o #Deal #Games
art	309834411812200449	 Honey Tree Publishing: HOT #deal! 5% #voucher code - Take 5% #discount from Honey Tree Publishing using EXCLUSIVE… http://t.co/bT4GNSBAsb
art	309832248402784256	 Maternity photographer New Yelp Deal http://t.co/PzeiiNUptt #maternity #photography #yelp #deal #los #angeles http://t.co/pOSVyqEFhN
health	309835252463972352	 #RuhrgebietDeals #Wellness Deal Wellness Spa Day für Zwei http://t.co/IOoclZi352 #Deals bei The-Pr.de
